gene,sig,sig_cell_types
JAK3,4,"['CD4+ T cells', 'CLEC10A+ DCs', 'Macrophages', 'Mast cells']"
CD1C,3,"['CLEC10A+ DCs', 'CLEC9A+ DCs', 'Macrophages']"
SLC40A1,3,"['CD4+ T cells', 'CLEC10A+ DCs', 'Macrophages']"
HOXB7,3,"['CD4+ T cells', 'CLEC10A+ DCs', 'Macrophages']"
FCER1A,3,"['CD4+ T cells', 'CLEC10A+ DCs', 'Macrophages']"
MVP,3,"['CD4+ T cells', 'CLEC10A+ DCs', 'Macrophages']"
CTSL,2,"['CD4+ T cells', 'Macrophages']"
P4HB,2,"['CLEC10A+ DCs', 'Macrophages']"
P2RY14,2,"['CLEC10A+ DCs', 'Macrophages']"
SLC39A8,2,"['CLEC10A+ DCs', 'Macrophages']"
CTSK,2,"['CD4+ T cells', 'Macrophages']"
CYBB,2,"['CLEC10A+ DCs', 'Macrophages']"
GBP1,2,"['CLEC10A+ DCs', 'Macrophages']"
VSIG4,2,"['CLEC10A+ DCs', 'Macrophages']"
MRC1,2,"['CLEC10A+ DCs', 'Macrophages']"
SLAMF7,2,"['CLEC10A+ DCs', 'Macrophages']"
CYP1B1,2,"['CD4+ T cells', 'Macrophages']"
FPR1,2,"['CLEC10A+ DCs', 'Macrophages']"
THY1,2,"['CLEC10A+ DCs', 'Macrophages']"
DIO2,2,"['CLEC10A+ DCs', 'Macrophages']"
HYOU1,2,"['CLEC10A+ DCs', 'Macrophages']"
GIMAP4,2,"['CD4+ T cells', 'Macrophages']"
DMWD,2,"['CLEC10A+ DCs', 'Macrophages']"
ALOX5,2,"['CLEC10A+ DCs', 'Macrophages']"
ALOX15,2,"['CLEC10A+ DCs', 'Macrophages']"
CD302,2,"['CLEC10A+ DCs', 'Macrophages']"
SOCS3,2,"['CD4+ T cells', 'Macrophages']"
LDHA,2,"['CLEC10A+ DCs', 'Macrophages']"
MMP14,2,"['CLEC10A+ DCs', 'Macrophages']"
PKM,2,"['CLEC10A+ DCs', 'Macrophages']"
STEAP4,2,"['CLEC10A+ DCs', 'Macrophages']"
PDIA3,2,"['CLEC10A+ DCs', 'Macrophages']"
GSTO1,2,"['CLEC10A+ DCs', 'Macrophages']"
LILRB1,2,"['CLEC10A+ DCs', 'Macrophages']"
STAT3,2,"['CLEC10A+ DCs', 'Macrophages']"
CFB,2,"['CLEC10A+ DCs', 'Macrophages']"
STAT1,2,"['CLEC10A+ DCs', 'Macrophages']"
KLRK1,2,"['CD4+ T cells', 'Macrophages']"
ST14,2,"['CLEC10A+ DCs', 'Macrophages']"
EIF4G1,2,"['CD4+ T cells', 'Macrophages']"
ABI3,2,"['CLEC10A+ DCs', 'Macrophages']"
FCGR3A,2,"['CLEC10A+ DCs', 'Macrophages']"
EIF4A1,2,"['CD4+ T cells', 'Macrophages']"
APCDD1,2,"['CD4+ T cells', 'Macrophages']"
IRF1,2,"['CLEC10A+ DCs', 'Macrophages']"
EPAS1,2,"['CD4+ T cells', 'CLEC10A+ DCs']"
NDRG2,2,"['CLEC10A+ DCs', 'Macrophages']"
NDRG1,2,"['CLEC10A+ DCs', 'Macrophages']"
TYMP,2,"['CLEC10A+ DCs', 'Macrophages']"
CD8A,1,['CD4+ T cells']
PAX8,1,['Macrophages']
HNRNPM,1,['Macrophages']
TAP1,1,['Macrophages']
CD44,1,['Macrophages']
PAPSS1,1,['Macrophages']
TNFRSF21,1,['Macrophages']
NCF4,1,['Macrophages']
CD300E,1,['Macrophages']
NCF1,1,['Macrophages']
KAT2A,1,['Macrophages']
HPGDS,1,['Macrophages']
CD1E,1,['CLEC10A+ DCs']
ITM2A,1,['Macrophages']
ITGB2,1,['Macrophages']
CD1B,1,['CLEC10A+ DCs']
CD1A,1,['CLEC10A+ DCs']
CD96,1,['CD4+ T cells']
ATP1A1,1,['Macrophages']
ATP5F1A,1,['Macrophages']
CD163,1,['Macrophages']
MXD1,1,['Macrophages']
MYH9,1,['Macrophages']
CEBPA,1,['Macrophages']
ARNTL,1,['Macrophages']
PDIA4,1,['Macrophages']
STAT6,1,['Macrophages']
STAU1,1,['Macrophages']
MYLK,1,['Macrophages']
MYOF,1,['Macrophages']
STEAP1,1,['Macrophages']
HCK,1,['Macrophages']
CDKN1A,1,['Macrophages']
PDGFC,1,['Macrophages']
PDGFB,1,['Macrophages']
PDE2A,1,['Macrophages']
STMN3,1,['Macrophages']
HDAC9,1,['Macrophages']
SULF2,1,['Macrophages']
HK1,1,['Macrophages']
HRH1,1,['Macrophages']
IRS2,1,['Macrophages']
CD14,1,['Macrophages']
IL11RA,1,['Macrophages']
THRA,1,['Macrophages']
INKA2,1,['Macrophages']
CCDC136,1,['Macrophages']
CBX7,1,['Macrophages']
CBX3,1,['Macrophages']
TIMD4,1,['Macrophages']
TLR2,1,['Macrophages']
TLR4,1,['Macrophages']
TLR5,1,['Macrophages']
TMEM173,1,['Macrophages']
OGFR,1,['Macrophages']
TMEM200A,1,['CD4+ T cells']
IL17RA,1,['Macrophages']
NR1H3,1,['Macrophages']
NORAD,1,['Macrophages']
IL1B,1,['Macrophages']
TNC,1,['Macrophages']
C5AR1,1,['Macrophages']
TNF,1,['CD4+ T cells']
IL21R,1,['Macrophages']
THBS1,1,['CLEC10A+ DCs']
ICAM2,1,['Macrophages']
BCL2A1,1,['Macrophages']
HTR2B,1,['Macrophages']
CA12,1,['Macrophages']
CCT5,1,['Macrophages']
CCT3,1,['Macrophages']
TREM2,1,['Macrophages']
TREM1,1,['Macrophages']
P2RY13,1,['Macrophages']
HSPA8,1,['Macrophages']
OSGIN2,1,['Macrophages']
CCN5,1,['Macrophages']
NIBAN1,1,['Macrophages']
CCL13,1,['Macrophages']
CCL8,1,['Macrophages']
CCL24,1,['Macrophages']
HTRA1,1,['Macrophages']
IQGAP2,1,['Macrophages']
TPCN1,1,['Macrophages']
PDPN,1,['Macrophages']
NLRC5,1,['Macrophages']
NME1,1,['Macrophages']
CCL14,1,['Macrophages']
ZYX,1,['Macrophages']
CHKA,1,['Macrophages']
PEA15,1,['Macrophages']
PER3,1,['Macrophages']
FCGR3B,1,['Macrophages']
FCN1,1,['Macrophages']
SDC2,1,['CD4+ T cells']
SDF2L1,1,['Macrophages']
SEC13,1,['Macrophages']
PTPN2,1,['Macrophages']
SELL,1,['CD4+ T cells']
DKK3,1,['Macrophages']
DISP1,1,['Macrophages']
FGFR1,1,['Macrophages']
PTGER3,1,['CLEC10A+ DCs']
DHCR24,1,['Macrophages']
PTGDR2,1,['CD4+ T cells']
SERPINB9,1,['CLEC10A+ DCs']
FGR,1,['Macrophages']
DEK,1,['CD4+ T cells']
FHL1,1,['Macrophages']
SERPINH1,1,['Macrophages']
SESN3,1,['Macrophages']
SF3B1,1,['Macrophages']
FLOT2,1,['Macrophages']
SGK1,1,['Macrophages']
SH2D3C,1,['Macrophages']
FOLR2,1,['Macrophages']
DAP,1,['Macrophages']
SCPEP1,1,['Macrophages']
SCN9A,1,['Macrophages']
FCGR2A,1,['Macrophages']
DUSP6,1,['Macrophages']
RGPD6,1,['Macrophages']
RHOC,1,['Macrophages']
ENPP2,1,['Macrophages']
ENTPD1,1,['Macrophages']
EPB41L3,1,['Macrophages']
EIF5A,1,['Macrophages']
EIF3A,1,['Macrophages']
RPN1,1,['Macrophages']
ETV5,1,['Macrophages']
RASSF4,1,['Macrophages']
RAN,1,['Macrophages']
DRAM1,1,['Macrophages']
FCGR1A,1,['Macrophages']
DPT,1,['Macrophages']
PYGL,1,['Macrophages']
SCARB1,1,['Macrophages']
DNM1,1,['Macrophages']
PTX3,1,['Macrophages']
FCAR,1,['Macrophages']
SCIMP,1,['Macrophages']
FCER2,1,['Macrophages']
DNAJA1,1,['Macrophages']
FCGBP,1,['Macrophages']
SCN4B,1,['Macrophages']
SIGLEC9,1,['Macrophages']
FOXO3,1,['Macrophages']
FPR2,1,['Macrophages']
GPRC5B,1,['Macrophages']
PLIN4,1,['Macrophages']
CNRIP1,1,['Macrophages']
SNX17,1,['Macrophages']
PLEKHB2,1,['Macrophages']
SNX29,1,['Macrophages']
PLEC,1,['Macrophages']
PLAUR,1,['Macrophages']
PLA2G7,1,['Macrophages']
CLIC6,1,['Macrophages']
CLIC4,1,['Macrophages']
GPR34,1,['Macrophages']
PIM1,1,['Macrophages']
COCH,1,['Macrophages']
GRB2,1,['Macrophages']
GREM1,1,['Macrophages']
CKAP4,1,['Macrophages']
PIK3CG,1,['Macrophages']
PID1,1,['Macrophages']
SPTBN1,1,['Macrophages']
SQSTM1,1,['Macrophages']
PGK1,1,['Macrophages']
PGD,1,['Macrophages']
CFP,1,['Macrophages']
PGA3,1,['Macrophages']
PLTP,1,['Macrophages']
PLXDC1,1,['Macrophages']
CYBA,1,['Macrophages']
GAS6,1,['Macrophages']
SLC18A2,1,['Mast cells']
CXCL13,1,['Macrophages']
FYN,1,['Macrophages']
PRKACA,1,['Macrophages']
GABBR1,1,['Macrophages']
CTSC,1,['Macrophages']
CTNNA1,1,['Macrophages']
CTDSPL,1,['Macrophages']
SLC2A3,1,['Macrophages']
PPP1CA,1,['Macrophages']
PPIF,1,['Macrophages']
CSK,1,['Macrophages']
PNP,1,['Macrophages']
CSF1R,1,['Macrophages']
GCH1,1,['Macrophages']
CRY2,1,['Macrophages']
SLITRK4,1,['Macrophages']
CR1,1,['Macrophages']
CPVL,1,['CLEC10A+ DCs']
CPT1A,1,['Macrophages']
GIMAP5,1,['CD4+ T cells']
GJA1,1,['Macrophages']
GLA,1,['Macrophages']
PNPLA6,1,['Macrophages']
AQP9,1,['Macrophages']
TAP2,1,['Macrophages']
ENG,1,['Macrophages']
VDR,1,['Macrophages']
AP2M1,1,['Macrophages']
USP5,1,['Macrophages']
ADAMTS1,1,['Macrophages']
APOL1,1,['Macrophages']
MIAT,1,['CD4+ T cells']
ALYREF,1,['Macrophages']
VEGFB,1,['Macrophages']
ANXA2,1,['Macrophages']
WWP1,1,['Macrophages']
LTBP2,1,['Macrophages']
ACLY,1,['Macrophages']
LGMN,1,['Macrophages']
LDLRAD4,1,['Macrophages']
LAMP1,1,['Macrophages']
MICAL2,1,['Macrophages']
WAS,1,['Macrophages']
WARS,1,['Macrophages']
ADAMTS5,1,['Macrophages']
VDAC1,1,['Macrophages']
MDM4,1,['Macrophages']
VCL,1,['Macrophages']
LOXL1,1,['Macrophages']
MAN1A1,1,['Macrophages']
MSN,1,['Macrophages']
ACP5,1,['Macrophages']
AP2A1,1,['Macrophages']
MSR1,1,['Macrophages']
VASP,1,['Macrophages']
ACE,1,['Macrophages']
YWHAZ,1,['Macrophages']
LILRA5,1,['Macrophages']
ALG13,1,['Macrophages']
MAFB,1,['Macrophages']
MAF,1,['Macrophages']
ADGRG6,1,['Macrophages']
ADGRE5,1,['Macrophages']
ACAP1,1,['Macrophages']
ADAM8,1,['Macrophages']
LILRB3,1,['Macrophages']
APOL6,1,['Macrophages']
LRRC59,1,['Macrophages']
LTA4H,1,['Macrophages']
LILRB5,1,['Macrophages']
ZNF469,1,['Macrophages']
AHR,1,['Macrophages']
ADGRE2,1,['Macrophages']
KL,1,['Macrophages']
PPP1R37,0,[]
PPP1R7,0,[]
PORCN,0,[]
MEF2A,0,[]
PPM1A,0,[]
POTEJ,0,[]
PPM1D,0,[]
PPM1H,0,[]
MED12L,0,[]
MED12,0,[]
POTEI,0,[]
PPP1R15B,0,[]
MEF2C,0,[]
PPP1R16B,0,[]
PPP1R1B,0,[]
POTEF,0,[]
POSTN,0,[]
PPP1R1C,0,[]
POU1F1,0,[]
POU3F3,0,[]
PPID,0,[]
POU2AF1,0,[]
MEIOB,0,[]
POU3F1,0,[]
MEIS1,0,[]
POU2F3,0,[]
POU2F2,0,[]
POU4F3,0,[]
POU5F1,0,[]
PPP1R9B,0,[]
MEGF8,0,[]
PPARD,0,[]
PPARG,0,[]
PPARGC1A,0,[]
PPFIA1,0,[]
PPFIA3,0,[]
MEGF10,0,[]
MEG3,0,[]
PPFIA4,0,[]
MEIS2,0,[]
POU2F1,0,[]
PPIC,0,[]
POU3F4,0,[]
PPARA,0,[]
PPP4R4,0,[]
PPP2CA,0,[]
MDC1,0,[]
PRKCA,0,[]
PRKCB,0,[]
MCTS1,0,[]
PRKCD,0,[]
PRKCE,0,[]
PRKCG,0,[]
PRKCH,0,[]
PRKCI,0,[]
PRKCQ,0,[]
PRKCZ,0,[]
PRKD1,0,[]
PRKD3,0,[]
PRKDC,0,[]
PRKN,0,[]
PRKRA,0,[]
PRL,0,[]
PRLR,0,[]
MCTP2,0,[]
PRM1,0,[]
PRMT1,0,[]
PRMT5,0,[]
PRMT8,0,[]
PRMT9,0,[]
PRNCR1,0,[]
MCPH1,0,[]
PRNP,0,[]
PROC,0,[]
MCM9,0,[]
MCM7,0,[]
PRKAR1A,0,[]
PRKAG2,0,[]
PPP2R1A,0,[]
PRKAG1,0,[]
MED1,0,[]
MECOM,0,[]
PPP2R3A,0,[]
PPP2R3C,0,[]
PPP3CA,0,[]
ME1,0,[]
PPP4R1,0,[]
POPDC3,0,[]
PRAME,0,[]
PRCP,0,[]
PRDM1,0,[]
PRDM10,0,[]
PRDM12,0,[]
PRDM13,0,[]
MDM2,0,[]
PRDM15,0,[]
PRDM6,0,[]
PREP,0,[]
PREPL,0,[]
MDM1,0,[]
PRF1,0,[]
PRG2,0,[]
PRG4,0,[]
PRICKLE1,0,[]
PRKAA1,0,[]
PRKAA2,0,[]
PRKAB1,0,[]
MDFIC,0,[]
PRKACB,0,[]
POR,0,[]
POLR2G,0,[]
PON2,0,[]
PKD2L1,0,[]
MFRP,0,[]
MFSD5,0,[]
MGAM,0,[]
PKIA,0,[]
PKHD1,0,[]
MGMT,0,[]
PKD2,0,[]
PIP4K2A,0,[]
PKD1L1,0,[]
PKD1,0,[]
PIWIL1,0,[]
PITX2,0,[]
PITX1,0,[]
PITPNB,0,[]
PKNOX2,0,[]
PKP2,0,[]
PLA2G4A,0,[]
PLA2G5,0,[]
PLA2G6,0,[]
MFN2,0,[]
PLA2R1,0,[]
PLAGL1,0,[]
PLAGL2,0,[]
PLAT,0,[]
PLAU,0,[]
MFGE8,0,[]
PLCB1,0,[]
PLCE1,0,[]
MFF,0,[]
PLCG1,0,[]
PLCG2,0,[]
PITHD1,0,[]
PINK1,0,[]
PON1,0,[]
PHOX2B,0,[]
PIEZO1,0,[]
MIIP,0,[]
PICALM,0,[]
PIBF1,0,[]
PI4KA,0,[]
PI16,0,[]
PHLPP1,0,[]
PIN1,0,[]
PHLDB3,0,[]
PHLDB2,0,[]
PHLDA3,0,[]
PHGDH,0,[]
PHF8,0,[]
PHF7,0,[]
PIEZO2,0,[]
PIGF,0,[]
PIH1D1,0,[]
PIK3C3,0,[]
PIK3CA,0,[]
PIK3CB,0,[]
PIK3CD,0,[]
MIEN1,0,[]
PIK3R1,0,[]
MID2,0,[]
PIK3R2,0,[]
MICB,0,[]
PIKFYVE,0,[]
PILRA,0,[]
MICA,0,[]
PIM2,0,[]
PIMREG,0,[]
PLD1,0,[]
PLD2,0,[]
MFAP5,0,[]
PNPT1,0,[]
POLD1,0,[]
POLB,0,[]
POGZ,0,[]
POGLUT2,0,[]
MEPCE,0,[]
PODXL,0,[]
MERTK,0,[]
PLEKHA1,0,[]
PNPLA3,0,[]
PNPLA2,0,[]
PNPLA1,0,[]
MEST,0,[]
PNOC,0,[]
PNMA2,0,[]
POLDIP2,0,[]
MEN1,0,[]
POLE,0,[]
POLH,0,[]
POLR2A,0,[]
MELTF,0,[]
MELK,0,[]
POLR2B,0,[]
POLR2C,0,[]
MEIS3,0,[]
POLR2E,0,[]
PRODH,0,[]
POLR2H,0,[]
POLR2M,0,[]
POMC,0,[]
POMGNT1,0,[]
POMT1,0,[]
PNMA1,0,[]
PMS2,0,[]
PMS1,0,[]
PLN,0,[]
PLEKHA2,0,[]
METTL3,0,[]
METTL2A,0,[]
PLEKHH2,0,[]
METTL18,0,[]
PLEKHM2,0,[]
PLEKHO1,0,[]
PLG,0,[]
PLIN1,0,[]
PLIN2,0,[]
METTL16,0,[]
PLIN5,0,[]
PLK1,0,[]
PLK4,0,[]
PLP2,0,[]
PMP22,0,[]
PLS3,0,[]
PLSCR1,0,[]
METRNL,0,[]
PLVAP,0,[]
MET,0,[]
PLXNB2,0,[]
PLXNC1,0,[]
PM20D1,0,[]
PM20D2,0,[]
PMAIP1,0,[]
PMCH,0,[]
PMFBP1,0,[]
PML,0,[]
PMM2,0,[]
PROCR,0,[]
PRPF8,0,[]
PROKR2,0,[]
RAP1A,0,[]
RARB,0,[]
RARA,0,[]
RAPGEF6,0,[]
RAPGEF5,0,[]
RAPGEF3,0,[]
RAP2A,0,[]
RANGAP1,0,[]
MAP4K5,0,[]
RANBP9,0,[]
RANBP3,0,[]
RANBP2,0,[]
MAP7D1,0,[]
MAPK1,0,[]
RALGPS1,0,[]
RASA1,0,[]
RASD1,0,[]
RASD2,0,[]
RASGEF1C,0,[]
RASGRP1,0,[]
RASSF1,0,[]
RASSF2,0,[]
RASSF3,0,[]
RASSF5,0,[]
RASSF8,0,[]
RAVER1,0,[]
RB1,0,[]
MAP7,0,[]
RBBP4,0,[]
RBBP5,0,[]
RBBP7,0,[]
RBBP8,0,[]
RAI2,0,[]
RAI14,0,[]
RAG1,0,[]
RAB5A,0,[]
MAPK12,0,[]
PYGM,0,[]
PYM1,0,[]
PZP,0,[]
QPCTL,0,[]
QRFPR,0,[]
R3HDM1,0,[]
R3HDM2,0,[]
RAB11A,0,[]
MAPK11,0,[]
RAB11FIP5,0,[]
RAB27A,0,[]
RAB28,0,[]
MAPK10,0,[]
RAB6C,0,[]
RAF1,0,[]
RAB7A,0,[]
RAB8A,0,[]
RAB9A,0,[]
RABL2B,0,[]
RABL3,0,[]
RABL6,0,[]
RAC1,0,[]
RACGAP1,0,[]
RAD18,0,[]
RAD50,0,[]
RAD51,0,[]
RAD52,0,[]
RAD54L,0,[]
RAD54L2,0,[]
RBCK1,0,[]
RBL2,0,[]
PROM1,0,[]
REST,0,[]
RFC3,0,[]
REXO2,0,[]
RETREG3,0,[]
RETREG1,0,[]
RETN,0,[]
RET,0,[]
MAP4,0,[]
RBM10,0,[]
MAP4K2,0,[]
RERG,0,[]
REPS1,0,[]
REN,0,[]
RELT,0,[]
RELN,0,[]
RFC4,0,[]
MAP3K7CL,0,[]
MAP3K7,0,[]
RFC5,0,[]
RFPL3,0,[]
RFTN1,0,[]
MAP3K5,0,[]
RFX1,0,[]
MAP3K20,0,[]
MAP3K15,0,[]
RFX2,0,[]
RFX4,0,[]
RFX5,0,[]
RGN,0,[]
RGPD1,0,[]
MAP3K14,0,[]
RGPD8,0,[]
RELB,0,[]
MAP4K3,0,[]
RELA,0,[]
RBPMS,0,[]
RBM12,0,[]
RBM14,0,[]
RBM15,0,[]
RBM19,0,[]
RBM20,0,[]
RBM23,0,[]
RBM27,0,[]
RBM34,0,[]
RBM38,0,[]
RBMS1,0,[]
RBMS2,0,[]
RBMS3,0,[]
RBMX,0,[]
RBPJ,0,[]
RBX1,0,[]
MAP4K4,0,[]
RC3H1,0,[]
RC3H2,0,[]
RCAN2,0,[]
RCC1,0,[]
RCN2,0,[]
RCOR1,0,[]
RCOR3,0,[]
RDM1,0,[]
RECK,0,[]
RECQL,0,[]
RECQL4,0,[]
REEP4,0,[]
REEP6,0,[]
REL,0,[]
PYGB,0,[]
PYCARD,0,[]
PXN,0,[]
MCM3,0,[]
PSPC1,0,[]
PSME3,0,[]
PSMD4,0,[]
PSMD3,0,[]
PSMD2,0,[]
PSMD10,0,[]
PSMD1,0,[]
PWWP3A,0,[]
PSMC5,0,[]
PSMC2,0,[]
PSMB5,0,[]
PSMA6,0,[]
MCM3AP,0,[]
PSKH1,0,[]
PSRC1,0,[]
PSTPIP2,0,[]
PTAFR,0,[]
MCM2,0,[]
PTBP1,0,[]
PTBP2,0,[]
PTCD1,0,[]
PTCD2,0,[]
PTCD3,0,[]
MCHR2,0,[]
PTCH1,0,[]
PTDSS1,0,[]
MCHR1,0,[]
MCCC1,0,[]
PTEN,0,[]
MCAM,0,[]
PTGDR,0,[]
PSIP1,0,[]
PSG1,0,[]
PSENEN,0,[]
PRPS2,0,[]
PROM2,0,[]
PROP1,0,[]
MCM6,0,[]
PROS1,0,[]
PROSER1,0,[]
PROX1,0,[]
PRPF19,0,[]
MCM5,0,[]
PRPF3,0,[]
PRPF31,0,[]
PHF23,0,[]
PRPH,0,[]
PRPH2,0,[]
PRPS1,0,[]
PRPSAP1,0,[]
PSEN2,0,[]
PRR11,0,[]
PRR13,0,[]
PRR14L,0,[]
PRRC2A,0,[]
PRRG2,0,[]
PRRT2,0,[]
MCM4,0,[]
PRRX1,0,[]
PRSS16,0,[]
PRTN3,0,[]
PRXL2A,0,[]
PSD,0,[]
PSD3,0,[]
PSEN1,0,[]
MC4R,0,[]
MC3R,0,[]
MC1R,0,[]
MAPK8IP3,0,[]
PTPRF,0,[]
PTPRG,0,[]
MASP1,0,[]
PTPRJ,0,[]
MAS1,0,[]
PTPRM,0,[]
MARK2,0,[]
PTPRQ,0,[]
MARCO,0,[]
PTPRU,0,[]
MAPT,0,[]
MAPRE2,0,[]
MAPKAPK2,0,[]
MAPK9,0,[]
MAPK8IP2,0,[]
PTPN5,0,[]
MAPK8IP1,0,[]
MAPK8,0,[]
MAPK7,0,[]
PTPRZ1,0,[]
PTTG1,0,[]
MAPK3,0,[]
PUM3,0,[]
PURB,0,[]
MAPK15,0,[]
MAPK14,0,[]
PUSL1,0,[]
PVR,0,[]
PVT1,0,[]
PWP1,0,[]
PTPN6,0,[]
PTPN22,0,[]
MBNL1,0,[]
PTH2R,0,[]
PTGER2,0,[]
MBL2,0,[]
PTGER4,0,[]
PTGES,0,[]
PTGES3,0,[]
PTGFR,0,[]
PTGFRN,0,[]
PTGIR,0,[]
PTGIS,0,[]
PTGS1,0,[]
PTGS2,0,[]
PTH,0,[]
MAX,0,[]
PTH1R,0,[]
PTHLH,0,[]
MASP2,0,[]
PTK2,0,[]
PTK2B,0,[]
PTK6,0,[]
PTK7,0,[]
PTOV1,0,[]
MAVS,0,[]
PTP4A1,0,[]
MAT1A,0,[]
PTP4A3,0,[]
PTPA,0,[]
PTPDC1,0,[]
PTPN1,0,[]
PTPN11,0,[]
PTPN13,0,[]
PHF6,0,[]
MUC5AC,0,[]
PHF21B,0,[]
NNAT,0,[]
NOL4,0,[]
NODAL,0,[]
NOD2,0,[]
NOD1,0,[]
NOC3L,0,[]
NOA1,0,[]
NMU,0,[]
NFKB1,0,[]
NMNAT1,0,[]
MST1R,0,[]
NMB,0,[]
NLRP9,0,[]
NLRP7,0,[]
NLRP6,0,[]
NOL4L,0,[]
NOLC1,0,[]
NOM1,0,[]
NOMO3,0,[]
NONO,0,[]
NOP2,0,[]
MST1,0,[]
NOS1,0,[]
NOS1AP,0,[]
NOS2,0,[]
NOS3,0,[]
NOSTRIN,0,[]
NOTCH1,0,[]
NOTCH2,0,[]
NOTCH2NLA,0,[]
NOTCH3,0,[]
NOTCH4,0,[]
NLRP5,0,[]
NLRP3,0,[]
NLRP2,0,[]
MTA2,0,[]
NFX1,0,[]
MTERF2,0,[]
NGB,0,[]
NGDN,0,[]
NGF,0,[]
MTCL1,0,[]
MTCH2,0,[]
NGFR,0,[]
NHLH2,0,[]
MTAP,0,[]
NIFK,0,[]
NIN,0,[]
NINJ1,0,[]
NIPSNAP1,0,[]
NIPSNAP3A,0,[]
NLRP11,0,[]
NKAPD1,0,[]
NKAPL,0,[]
NKRF,0,[]
MTA1,0,[]
NKX2-1,0,[]
NKX2-3,0,[]
NKX2-4,0,[]
NKX2-8,0,[]
NKX3-1,0,[]
MT1A,0,[]
NLE1,0,[]
NLGN3,0,[]
MSTN,0,[]
NLRP1,0,[]
NOX1,0,[]
NOX4,0,[]
NPAS4,0,[]
NSD2,0,[]
NRAS,0,[]
NRDE2,0,[]
NREP,0,[]
NRF1,0,[]
NRIP1,0,[]
MSI1,0,[]
NRK,0,[]
NRN1,0,[]
NRP1,0,[]
NRP2,0,[]
NRROS,0,[]
NRSN1,0,[]
NRSN2,0,[]
NRXN2,0,[]
NSUN2,0,[]
NR5A2,0,[]
NSUN5,0,[]
NT5C2,0,[]
NT5DC2,0,[]
NT5DC3,0,[]
NT5E,0,[]
NTF3,0,[]
NTMT1,0,[]
NTN1,0,[]
NTN4,0,[]
MSH6,0,[]
MSH3,0,[]
NTNG2,0,[]
MSH2,0,[]
NTPCR,0,[]
NR6A1,0,[]
NR5A1,0,[]
NPAT,0,[]
NPY2R,0,[]
NPC1,0,[]
NPC1L1,0,[]
NPFFR2,0,[]
NPM3,0,[]
NPNT,0,[]
NPPA,0,[]
NPPB,0,[]
NPPC,0,[]
NPR1,0,[]
NPR3,0,[]
NPSR1,0,[]
NPTN,0,[]
NPTX2,0,[]
NPY1R,0,[]
NQO1,0,[]
NR4A3,0,[]
MSLN,0,[]
NQO2,0,[]
NR0B1,0,[]
NR0B2,0,[]
NR1H2,0,[]
MSI2,0,[]
NR1H4,0,[]
NR1I2,0,[]
NR1I3,0,[]
NR2C2,0,[]
NR2E3,0,[]
NR3C1,0,[]
NR3C2,0,[]
NR4A1,0,[]
NFKB2,0,[]
NFE2L3,0,[]
PHF12,0,[]
NAA15,0,[]
NAIF1,0,[]
NACC2,0,[]
NAAA,0,[]
NAA40,0,[]
MTRF1,0,[]
NAA16,0,[]
N4BP2,0,[]
NFE2L2,0,[]
MZF1,0,[]
MZB1,0,[]
MYOT,0,[]
MYOD1,0,[]
MYO6,0,[]
MYO5B,0,[]
NAIP,0,[]
NANOG,0,[]
NAP1L3,0,[]
NAP1L4,0,[]
NAP1L5,0,[]
NAT1,0,[]
NAT10,0,[]
NAT2,0,[]
NAV1,0,[]
NAV2,0,[]
NBL1,0,[]
NBN,0,[]
NBPF3,0,[]
MTREX,0,[]
NCAM1,0,[]
NCBP1,0,[]
MTRES1,0,[]
MYO5A,0,[]
MYO1F,0,[]
MYO1E,0,[]
MYD88,0,[]
MUTYH,0,[]
MVD,0,[]
MUC4,0,[]
MUC19,0,[]
MX1,0,[]
MUC16,0,[]
MXRA7,0,[]
MYB,0,[]
MYBBP1A,0,[]
MYBL2,0,[]
MYC,0,[]
MYCBP,0,[]
MYCL,0,[]
MYCN,0,[]
MYEF2,0,[]
MYO1D,0,[]
MYH1,0,[]
MYH10,0,[]
MYH13,0,[]
MYH2,0,[]
MYH4,0,[]
MYLIP,0,[]
MUC1,0,[]
MYLK2,0,[]
MYLK3,0,[]
MYNN,0,[]
MYO15A,0,[]
MYO18B,0,[]
MYO1B,0,[]
MYO1C,0,[]
NCBP3,0,[]
NCEH1,0,[]
MTR,0,[]
NES,0,[]
NEFM,0,[]
NEIL3,0,[]
NEK1,0,[]
NEK11,0,[]
NEK2,0,[]
NEK3,0,[]
MTHFD1,0,[]
NEK4,0,[]
NEK5,0,[]
NEK6,0,[]
NEK8,0,[]
NELL1,0,[]
NEMP1,0,[]
NEPRO,0,[]
MTFR1L,0,[]
NEFH,0,[]
NETO1,0,[]
NEURL4,0,[]
NEUROD1,0,[]
NEUROD2,0,[]
NEUROG2,0,[]
NEXN,0,[]
NF1,0,[]
NF2,0,[]
NFAT5,0,[]
NFATC1,0,[]
NFATC2,0,[]
NFATC3,0,[]
NFATC4,0,[]
NFE2L1,0,[]
NEFL,0,[]
MTHFR,0,[]
NCF2,0,[]
NDNF,0,[]
MTPAP,0,[]
NCK1,0,[]
NCLN,0,[]
NCOA1,0,[]
NCOA2,0,[]
NCOA3,0,[]
NCOA4,0,[]
NCOR1,0,[]
NCOR2,0,[]
NCR1,0,[]
NCR2,0,[]
NCR3,0,[]
NCS1,0,[]
NCSTN,0,[]
NDP,0,[]
NEDD9,0,[]
MTOR,0,[]
MTNR1B,0,[]
NDRG4,0,[]
MTNR1A,0,[]
NDST4,0,[]
NDUFA3,0,[]
NDUFAB1,0,[]
NEBL,0,[]
NECAB2,0,[]
NECTIN1,0,[]
NECTIN2,0,[]
NECTIN3,0,[]
NEDD4,0,[]
NEDD4L,0,[]
NTRK1,0,[]
NTRK2,0,[]
NTS,0,[]
PCDHA1,0,[]
PCGEM1,0,[]
PCDHB14,0,[]
MMP13,0,[]
PCDHA9,0,[]
PCDHA4,0,[]
PCDHA2,0,[]
PCDH8,0,[]
NTSR1,0,[]
PCDH20,0,[]
PCDH18,0,[]
PCDH17,0,[]
PCDH11Y,0,[]
PCDH11X,0,[]
PCDH10,0,[]
PCID2,0,[]
PCK1,0,[]
PCNA,0,[]
PCNX3,0,[]
PCSK1,0,[]
PCSK9,0,[]
PDCD1,0,[]
PDCD10,0,[]
PDCD1LG2,0,[]
PDCD4,0,[]
PDCD6,0,[]
PDCD6IP,0,[]
PDE10A,0,[]
MMP12,0,[]
MMP11,0,[]
MMEL1,0,[]
PDE3A,0,[]
PCCB,0,[]
PCBP3,0,[]
PCBD2,0,[]
PAX3,0,[]
PARK7,0,[]
PARM1,0,[]
PARP1,0,[]
PARP11,0,[]
RGS4,0,[]
MNS1,0,[]
MMRN2,0,[]
PARP15,0,[]
PARP3,0,[]
PART1,0,[]
PASD1,0,[]
PAWR,0,[]
PAX1,0,[]
PAX2,0,[]
PAX5,0,[]
PCBD1,0,[]
PAX6,0,[]
PAX7,0,[]
MMP9,0,[]
PBDC1,0,[]
PBK,0,[]
PBLD,0,[]
PBX1,0,[]
PBX3,0,[]
MMP8,0,[]
PBXIP1,0,[]
PC,0,[]
MMP21,0,[]
PCA3,0,[]
PCAT1,0,[]
PDE4A,0,[]
PDE4B,0,[]
PDE4DIP,0,[]
PGAP1,0,[]
PECAM1,0,[]
PEF1,0,[]
PEG10,0,[]
PELO,0,[]
PELP1,0,[]
PENK,0,[]
PEPD,0,[]
PER1,0,[]
PER2,0,[]
MITF,0,[]
PFKFB3,0,[]
PFKP,0,[]
MITD1,0,[]
PGAM5,0,[]
MIPOL1,0,[]
MKI67,0,[]
PGAP2,0,[]
PGBD1,0,[]
PGF,0,[]
PGGT1B,0,[]
MINPP1,0,[]
MUC5B,0,[]
PGR,0,[]
MINDY2,0,[]
PHB,0,[]
PHB2,0,[]
PHETA1,0,[]
MINDY1,0,[]
PHEX,0,[]
PHF10,0,[]
PEBP4,0,[]
PDZK1,0,[]
PDE5A,0,[]
PDIA2,0,[]
PDE6H,0,[]
PDGFA,0,[]
MME,0,[]
MMADHC,0,[]
PDGFD,0,[]
PDGFRA,0,[]
PDGFRB,0,[]
PDGFRL,0,[]
MMACHC,0,[]
MLXIPL,0,[]
PDHA1,0,[]
PDHB,0,[]
MLXIP,0,[]
MLPH,0,[]
MLH1,0,[]
PDZD7,0,[]
MLF1,0,[]
PDK1,0,[]
PDLIM2,0,[]
MLANA,0,[]
PDLIM4,0,[]
MKX,0,[]
MKRN3,0,[]
PDPK1,0,[]
MKRN2,0,[]
PDX1,0,[]
PDXDC1,0,[]
PDYN,0,[]
MKNK1,0,[]
PDZD4,0,[]
PARD3,0,[]
MNX1,0,[]
PAPPA2,0,[]
MRFAP1L1,0,[]
OBP2A,0,[]
MRM3,0,[]
OCLN,0,[]
OCM2,0,[]
OCRL,0,[]
ODF2L,0,[]
ODR4,0,[]
OGDH,0,[]
MRGPRX2,0,[]
OGG1,0,[]
OGT,0,[]
OIT3,0,[]
OLFM1,0,[]
OLFM2,0,[]
OLFML3,0,[]
OAS1,0,[]
MRE11,0,[]
MRC2,0,[]
OLIG1,0,[]
OLIG2,0,[]
MRAP2,0,[]
OLR1,0,[]
ONECUT3,0,[]
OPALIN,0,[]
MRAP,0,[]
OPN1LW,0,[]
MR1,0,[]
OPRD1,0,[]
OPRK1,0,[]
OPRL1,0,[]
OAS3,0,[]
NYX,0,[]
OPRPN,0,[]
MS4A2,0,[]
NTSR2,0,[]
NUAK2,0,[]
NUCB2,0,[]
NUDCD1,0,[]
NUDCD2,0,[]
NUDT1,0,[]
NUDT16L1,0,[]
NUDT21,0,[]
NUMA1,0,[]
NUMB,0,[]
NUP107,0,[]
NUP153,0,[]
NUP214,0,[]
MSC,0,[]
NUP62,0,[]
NXT2,0,[]
MS4A1,0,[]
NUP93,0,[]
NUP98,0,[]
NUSAP1,0,[]
NUTF2,0,[]
NVL,0,[]
NXF1,0,[]
NXF3,0,[]
NXN,0,[]
MRTFB,0,[]
MRTFA,0,[]
NXPH2,0,[]
NXPH4,0,[]
MRPL45,0,[]
OPRM1,0,[]
MPZL1,0,[]
PAPPA,0,[]
PAIP2,0,[]
PABPC1L,0,[]
MPI,0,[]
PABPC4,0,[]
MPHOSPH9,0,[]
PACC1,0,[]
MPDZ,0,[]
MPDU1,0,[]
PADI2,0,[]
MOV10,0,[]
PADI4,0,[]
PAEP,0,[]
PAGE4,0,[]
MON2,0,[]
PAH,0,[]
PAK1,0,[]
MPL,0,[]
PAK1IP1,0,[]
PAK2,0,[]
PAK4,0,[]
PALB2,0,[]
PALLD,0,[]
PALMD,0,[]
MOG,0,[]
PAM,0,[]
PANK2,0,[]
PANX1,0,[]
MOB4,0,[]
MOB2,0,[]
PANX2,0,[]
PANX3,0,[]
P4HTM,0,[]
MPLKIP,0,[]
MPZ,0,[]
MPP7,0,[]
OPTN,0,[]
ORAI2,0,[]
ORAI3,0,[]
MPPED2,0,[]
ORC6,0,[]
OSBP2,0,[]
OSCP1,0,[]
OSGIN1,0,[]
MPPED1,0,[]
OSM,0,[]
OSR2,0,[]
OTOF,0,[]
OTUB1,0,[]
OTX2,0,[]
OVOL2,0,[]
P4HA3,0,[]
OXER1,0,[]
OXSM,0,[]
OXSR1,0,[]
OXTR,0,[]
P2RX1,0,[]
P2RX3,0,[]
P2RX4,0,[]
P2RX7,0,[]
P2RY1,0,[]
P2RY12,0,[]
MPO,0,[]
P2RY2,0,[]
P2RY6,0,[]
P4HA1,0,[]
PGM1,0,[]
RRP12,0,[]
RGS5,0,[]
TOM1L2,0,[]
TNXB,0,[]
TNS2,0,[]
TNR,0,[]
TNPO3,0,[]
TNNT2,0,[]
TNNI3,0,[]
TNMD,0,[]
TNKS,0,[]
TNK2,0,[]
TNIP1,0,[]
TNFSF9,0,[]
TNFSF8,0,[]
TNFSF4,0,[]
TNFSF18,0,[]
TNFSF15,0,[]
TOLLIP,0,[]
TOMM34,0,[]
TNFSF13B,0,[]
TOMM40,0,[]
TP53BP2,0,[]
TP53BP1,0,[]
TP53,0,[]
TOX4,0,[]
TOX2,0,[]
TOX,0,[]
TOR3A,0,[]
TOR1A,0,[]
TOPBP1,0,[]
TOP3B,0,[]
TOP2B,0,[]
TOP2A,0,[]
TOP1MT,0,[]
TOP1,0,[]
TONSL,0,[]
TNFSF14,0,[]
TNFSF13,0,[]
TP73,0,[]
TNFRSF10B,0,[]
TNFAIP8,0,[]
TMX2,0,[]
TMX1,0,[]
TMUB2,0,[]
TMTC4,0,[]
TMTC3,0,[]
TMPRSS6,0,[]
TMPRSS2,0,[]
TMPRSS13,0,[]
TMPRSS11E,0,[]
TMPO,0,[]
TMIGD2,0,[]
TMEM9B,0,[]
TMEM98,0,[]
TMEM97,0,[]
TNFRSF10A,0,[]
TNFRSF10C,0,[]
TNFSF12,0,[]
TNFRSF10D,0,[]
TNFSF11,0,[]
TNFSF10,0,[]
TNFRSF9,0,[]
TNFRSF8,0,[]
TNFRSF6B,0,[]
TNFRSF1B,0,[]
TNFRSF1A,0,[]
TNFRSF18,0,[]
TNFRSF17,0,[]
TNFRSF14,0,[]
TNFRSF13C,0,[]
TNFRSF13B,0,[]
TNFRSF12A,0,[]
TNFRSF11B,0,[]
TNFRSF11A,0,[]
TP63,0,[]
TPBG,0,[]
TMEM45A,0,[]
TRPS1,0,[]
TRPM7,0,[]
TRPM6,0,[]
TRPM4,0,[]
TRPM3,0,[]
TRPM2,0,[]
TRPM1,0,[]
TRPC7,0,[]
TRPC6,0,[]
TRPC5,0,[]
TRPC4,0,[]
TRPC3,0,[]
TRPC1,0,[]
TRPA1,0,[]
TRO,0,[]
TRMT2A,0,[]
TRPM8,0,[]
TRPV1,0,[]
TRIP13,0,[]
TRPV4,0,[]
TSPAN14,0,[]
TSPAN13,0,[]
TSPAN12,0,[]
TSPAN10,0,[]
TSNAXIP1,0,[]
TSLP,0,[]
TSHZ1,0,[]
TSHR,0,[]
TSG101,0,[]
TSC2,0,[]
TSC1,0,[]
TSBP1,0,[]
TRUB1,0,[]
TRRAP,0,[]
TRPV6,0,[]
TRMT1L,0,[]
TRIM67,0,[]
TPH1,0,[]
TRDC,0,[]
TRAFD1,0,[]
TRAF6,0,[]
TRAF5,0,[]
TRAF4,0,[]
TRAF3IP3,0,[]
TRAF3IP2,0,[]
TRAF3,0,[]
TRAF2,0,[]
TRAF1,0,[]
TPX2,0,[]
TPTE,0,[]
TPPP3,0,[]
TPPP,0,[]
TPMT,0,[]
TPH2,0,[]
TRAP1,0,[]
TREML2,0,[]
TRIM66,0,[]
TREX1,0,[]
TRIM65,0,[]
TRIM55,0,[]
TRIM5,0,[]
TRIM47,0,[]
TRIM28,0,[]
TRIM27,0,[]
TRIM25,0,[]
TRIM23,0,[]
TRIM21,0,[]
TRIB3,0,[]
TRIB2,0,[]
TRIB1,0,[]
TRHR,0,[]
TRH,0,[]
TREX2,0,[]
TMEM45B,0,[]
TMEM43,0,[]
RHAG,0,[]
TET2,0,[]
TESK2,0,[]
TES,0,[]
TERT,0,[]
TERF2,0,[]
TERF1,0,[]
TENT5C,0,[]
TENT5B,0,[]
TELO2,0,[]
TEKT4,0,[]
TEKT3,0,[]
TEKT1,0,[]
TEK,0,[]
TEFM,0,[]
TEDC1,0,[]
TECPR1,0,[]
TET1,0,[]
TEX11,0,[]
TDRD7,0,[]
TEX14,0,[]
TGFB1I1,0,[]
TGFB1,0,[]
TGFA,0,[]
TG,0,[]
TFRC,0,[]
TFR2,0,[]
TFPI2,0,[]
TFPI,0,[]
TFEB,0,[]
TFE3,0,[]
TFAP2B,0,[]
TFAP2A,0,[]
TFAM,0,[]
TEX35,0,[]
TEX30,0,[]
TEC,0,[]
TDRD3,0,[]
TGFB3,0,[]
TBXAS1,0,[]
TBX5,0,[]
TBX4,0,[]
TBX3,0,[]
TBX21,0,[]
TBX2,0,[]
TBX19,0,[]
TBX15,0,[]
TBRG4,0,[]
TBR1,0,[]
TBP,0,[]
TBL2,0,[]
TBL1Y,0,[]
TBK1,0,[]
TBCK,0,[]
TBC1D8B,0,[]
TBXA2R,0,[]
TC2N,0,[]
TDO2,0,[]
TCEA3,0,[]
TDGF1,0,[]
TCP1,0,[]
TCOF1,0,[]
TCL1A,0,[]
TCIM,0,[]
TCFL5,0,[]
TCF7L2,0,[]
TCF7,0,[]
TCF4,0,[]
TCF3,0,[]
TCF21,0,[]
TCF20,0,[]
TCERG1L,0,[]
TCEANC2,0,[]
TCEANC,0,[]
TGFB2,0,[]
TGFBR1,0,[]
TMEM39A,0,[]
TMBIM4,0,[]
TM9SF4,0,[]
TM6SF2,0,[]
TM4SF5,0,[]
TLR9,0,[]
TLR8,0,[]
TLR7,0,[]
TLR6,0,[]
TLR3,0,[]
TLR10,0,[]
TLR1,0,[]
TLK2,0,[]
TLK1,0,[]
TLE6,0,[]
TKTL1,0,[]
TKT,0,[]
TMA16,0,[]
TMEFF2,0,[]
TJP2,0,[]
TMEM100,0,[]
TMEM33,0,[]
TMEM237,0,[]
TMEM209,0,[]
TMEM201,0,[]
TMEM192,0,[]
TMEM185A,0,[]
TMEM164,0,[]
TMEM14C,0,[]
TMEM130,0,[]
TMEM126A,0,[]
TMEM123,0,[]
TMEM120B,0,[]
TMEM119,0,[]
TMEM109,0,[]
TMEM106B,0,[]
TK1,0,[]
TJP1,0,[]
TGFBR2,0,[]
THRB,0,[]
THEMIS2,0,[]
THEMIS,0,[]
THEM6,0,[]
THBS2,0,[]
THBD,0,[]
THAP3,0,[]
THAP2,0,[]
THAP11,0,[]
TH,0,[]
TGM6,0,[]
TGM4,0,[]
TGM3,0,[]
TGM2,0,[]
TGM1,0,[]
TGFBR3,0,[]
THPO,0,[]
THUMPD3,0,[]
TIRAP,0,[]
THYN1,0,[]
TIPARP,0,[]
TINAGL1,0,[]
TINAG,0,[]
TIMP4,0,[]
TIMP2,0,[]
TIMM50,0,[]
TIMM29,0,[]
TIGIT,0,[]
TIGD5,0,[]
TIE1,0,[]
TICRR,0,[]
TICAM2,0,[]
TICAM1,0,[]
TIAM2,0,[]
TIAM1,0,[]
TSPAN18,0,[]
TSPAN3,0,[]
TSPAN31,0,[]
YTHDF3,0,[]
YTHDC2,0,[]
YLPM1,0,[]
YJEFN3,0,[]
YIPF5,0,[]
YIPF1,0,[]
YIF1B,0,[]
YES1,0,[]
YAP1,0,[]
XRCC6,0,[]
XRCC5,0,[]
XRCC4,0,[]
XRCC3,0,[]
XRCC2,0,[]
XRCC1,0,[]
XPR1,0,[]
YTHDF1,0,[]
YWHAQ,0,[]
XPO6,0,[]
YY1,0,[]
ZBTB48,0,[]
ZBTB40,0,[]
ZBTB4,0,[]
ZBTB33,0,[]
ZBTB3,0,[]
ZBTB25,0,[]
ZBTB21,0,[]
ZBTB16,0,[]
ZBTB10,0,[]
ZBTB1,0,[]
ZBP1,0,[]
ZBED9,0,[]
ZAP70,0,[]
ZAN,0,[]
YY1AP1,0,[]
XPO7,0,[]
XPO5,0,[]
ZC2HC1A,0,[]
WNT5B,0,[]
WNT4,0,[]
WNT3A,0,[]
WNT3,0,[]
WNT2,0,[]
WNT1,0,[]
WFS1,0,[]
WFDC1,0,[]
WEE2,0,[]
WEE1,0,[]
WDR90,0,[]
WDR81,0,[]
WDR77,0,[]
WDR74,0,[]
WDR72,0,[]
WDR55,0,[]
WNT5A,0,[]
WRAP73,0,[]
XPO1,0,[]
WRN,0,[]
XPNPEP3,0,[]
XPNPEP1,0,[]
XPC,0,[]
XPA,0,[]
XIRP1,0,[]
XIAP,0,[]
XDH,0,[]
XCR1,0,[]
XCL2,0,[]
XBP1,0,[]
WWTR1,0,[]
WWP2,0,[]
WWOX,0,[]
WWC1,0,[]
WT1,0,[]
ZBTB49,0,[]
ZC3H12A,0,[]
TSPAN4,0,[]
ZNF639,0,[]
ZNF592,0,[]
ZNF512,0,[]
ZNF451,0,[]
ZNF449,0,[]
ZNF410,0,[]
ZNF408,0,[]
ZNF395,0,[]
ZNF346,0,[]
ZNF341,0,[]
ZNF326,0,[]
ZNF296,0,[]
ZNF281,0,[]
ZNF280C,0,[]
ZNF232,0,[]
ZNF177,0,[]
ZNF608,0,[]
ZNF683,0,[]
ZNF142,0,[]
ZNF687,0,[]
ZYG11B,0,[]
ZUP1,0,[]
ZSWIM6,0,[]
ZSCAN26,0,[]
ZSCAN20,0,[]
ZSCAN16,0,[]
ZSCAN12,0,[]
ZSCAN1,0,[]
ZPR1,0,[]
ZNF829,0,[]
ZNF827,0,[]
ZNF804A,0,[]
ZNF8,0,[]
ZNF768,0,[]
ZNF76,0,[]
ZNF165,0,[]
ZNF106,0,[]
ZC3H12D,0,[]
ZFHX3,0,[]
ZFAND5,0,[]
ZER1,0,[]
ZEB2,0,[]
ZEB1,0,[]
ZDHHC22,0,[]
ZDHHC17,0,[]
ZCCHC8,0,[]
ZCCHC3,0,[]
ZCCHC2,0,[]
ZCCHC17,0,[]
ZCCHC10,0,[]
ZC4H2,0,[]
ZC3HAV1L,0,[]
ZC3H7A,0,[]
ZC3H18,0,[]
ZFAT,0,[]
ZFHX4,0,[]
ZMYND19,0,[]
ZFP57,0,[]
ZMYND10,0,[]
ZMYM3,0,[]
ZMYM1,0,[]
ZMPSTE24,0,[]
ZMIZ2,0,[]
ZMIZ1,0,[]
ZIC4,0,[]
ZIC2,0,[]
ZHX3,0,[]
ZGRF1,0,[]
ZFYVE26,0,[]
ZFYVE21,0,[]
ZFYVE1,0,[]
ZFX,0,[]
ZFPL1,0,[]
WDR5,0,[]
WDR37,0,[]
WDR26,0,[]
UBE3A,0,[]
UBE2L3,0,[]
UBE2I,0,[]
UBE2D3,0,[]
UBE2D2,0,[]
UBE2D1,0,[]
UBE2C,0,[]
UBD,0,[]
UBASH3B,0,[]
UBASH3A,0,[]
UBAP2L,0,[]
UBAP2,0,[]
UBA1,0,[]
U2AF2,0,[]
U2AF1,0,[]
TYRO3,0,[]
UBE2T,0,[]
UBE4B,0,[]
TYK2,0,[]
UBR3,0,[]
UHRF1,0,[]
UGT2B7,0,[]
UGT2B17,0,[]
UGT1A9,0,[]
UGT1A4,0,[]
UGT1A1,0,[]
UGDH,0,[]
UFC1,0,[]
UEVLD,0,[]
UCP2,0,[]
UCN,0,[]
UCHL1,0,[]
UCA1,0,[]
UBTF,0,[]
UBR5,0,[]
TYMS,0,[]
TXNRD1,0,[]
WDR12,0,[]
TTK,0,[]
TTC9C,0,[]
TTC4,0,[]
TTC23L,0,[]
TTC23,0,[]
TTC12,0,[]
TSSK3,0,[]
TSSK1B,0,[]
TSSC4,0,[]
TSPYL5,0,[]
TSPY1,0,[]
TSPOAP1,0,[]
TSPO,0,[]
TSPAN9,0,[]
TSPAN8,0,[]
TSPAN7,0,[]
TTI1,0,[]
TTPA,0,[]
TXNDC9,0,[]
TUBA4A,0,[]
TXNDC16,0,[]
TXK,0,[]
TWSG1,0,[]
TWIST2,0,[]
TWIST1,0,[]
TUSC2,0,[]
TUFM,0,[]
TUBG1,0,[]
TUBD1,0,[]
TUBB6,0,[]
TUBB4A,0,[]
TUBB3,0,[]
TUBB2B,0,[]
TUBB2A,0,[]
TUBB,0,[]
ULBP2,0,[]
ULK1,0,[]
ULK2,0,[]
VPS50,0,[]
VPS37B,0,[]
VPS35,0,[]
VPS13B,0,[]
VPS13A,0,[]
VLDLR,0,[]
VIPR2,0,[]
VIPR1,0,[]
VIP,0,[]
VHL,0,[]
VGLL3,0,[]
VGF,0,[]
VEGFD,0,[]
VEGFC,0,[]
VEGFA,0,[]
VDAC2,0,[]
VPS4A,0,[]
VSIR,0,[]
UMOD,0,[]
VSNL1,0,[]
WDHD1,0,[]
WDFY4,0,[]
WDFY3,0,[]
WBP2,0,[]
WASL,0,[]
WASHC4,0,[]
WASHC3,0,[]
WASHC2A,0,[]
WAPL,0,[]
VWA8,0,[]
VTCN1,0,[]
VSX2,0,[]
VSTM2L,0,[]
VSTM2B,0,[]
VSTM1,0,[]
VCAM1,0,[]
VAX1,0,[]
VAV3,0,[]
VAV1,0,[]
URGCP,0,[]
URB1,0,[]
UQCC3,0,[]
UQCC1,0,[]
UPK3B,0,[]
UPK3A,0,[]
UPK2,0,[]
UPK1A,0,[]
UPF1,0,[]
UNG,0,[]
UNC5A,0,[]
UNC45A,0,[]
UNC13A,0,[]
UNC119,0,[]
UMPS,0,[]
USF1,0,[]
USP10,0,[]
USP11,0,[]
USP9Y,0,[]
VAPB,0,[]
VAMP5,0,[]
VAMP3,0,[]
UTS2,0,[]
UTRN,0,[]
UTP23,0,[]
USP7,0,[]
USP27X,0,[]
USP6,0,[]
USP53,0,[]
USP38,0,[]
USP36,0,[]
USP32,0,[]
USP29,0,[]
TBC1D30,0,[]
TBC1D22B,0,[]
TASOR2,0,[]
SFXN2,0,[]
SFSWAP,0,[]
SFRP5,0,[]
SFRP4,0,[]
SFRP1,0,[]
SFPQ,0,[]
SF3B4,0,[]
SF3B3,0,[]
SF3A1,0,[]
SEZ6L2,0,[]
SEZ6L,0,[]
SETDB1,0,[]
SETD4,0,[]
SESN2,0,[]
SERPINI2,0,[]
SERPINF2,0,[]
SFXN1,0,[]
SGCA,0,[]
SERPIND1,0,[]
SGSH,0,[]
SHC1,0,[]
SHBG,0,[]
SHARPIN,0,[]
SHANK3,0,[]
SH3TC2,0,[]
SH3RF2,0,[]
SH3GLB2,0,[]
SH3BP5L,0,[]
SH3BP5,0,[]
SH3BGRL2,0,[]
SH3BGR,0,[]
SH2D2A,0,[]
SH2D1B,0,[]
SH2D1A,0,[]
SH2B2,0,[]
SERPINE1,0,[]
SERPINC1,0,[]
SHFL,0,[]
SEMA3D,0,[]
SEMA3A,0,[]
SELPLG,0,[]
SELP,0,[]
SELENOT,0,[]
SELENBP1,0,[]
SELE,0,[]
SEL1L,0,[]
SECISBP2L,0,[]
SEC23B,0,[]
SEC16A,0,[]
SEC14L3,0,[]
SDK2,0,[]
SDHB,0,[]
SDHAF3,0,[]
SDHA,0,[]
SEMA3C,0,[]
SEMA3F,0,[]
SERPINB7,0,[]
SEMA4B,0,[]
SERPINB5,0,[]
SERPINB4,0,[]
SERPINB2,0,[]
SERPINA9,0,[]
SERPINA5,0,[]
SERPINA3,0,[]
SERPINA12,0,[]
SEPTIN9,0,[]
SEPTIN6,0,[]
SEPTIN5,0,[]
SENP6,0,[]
SENP1,0,[]
SEMA7A,0,[]
SEMA4D,0,[]
SEMA4C,0,[]
SHC4,0,[]
SHH,0,[]
SLC26A3,0,[]
SLC22A12,0,[]
SLC20A2,0,[]
SLC1A5,0,[]
SLC1A3,0,[]
SLC1A2,0,[]
SLC1A1,0,[]
SLC19A1,0,[]
SLC17A8,0,[]
SLC17A7,0,[]
SLC17A6,0,[]
SLC17A5,0,[]
SLC16A9,0,[]
SLC16A4,0,[]
SLC16A1,0,[]
SLC15A1,0,[]
SLC12A6,0,[]
SLC22A1,0,[]
SLC22A2,0,[]
SLC11A2,0,[]
SLC22A4,0,[]
SLC25A40,0,[]
SLC25A4,0,[]
SLC25A39,0,[]
SLC25A31,0,[]
SLC25A17,0,[]
SLC25A13,0,[]
SLC25A11,0,[]
SLC25A10,0,[]
SLC25A1,0,[]
SLC24A4,0,[]
SLC24A1,0,[]
SLC23A2,0,[]
SLC22A9,0,[]
SLC22A8,0,[]
SLC22A5,0,[]
SLC12A2,0,[]
SLC11A1,0,[]
SHLD1,0,[]
SIMC1,0,[]
SIK3,0,[]
SIK2,0,[]
SIGMAR1,0,[]
SIGLEC7,0,[]
SIGLEC6,0,[]
SIGLEC11,0,[]
SIGLEC1,0,[]
SIGIRR,0,[]
SIAH1,0,[]
SIAE,0,[]
SHROOM1,0,[]
SHOX,0,[]
SHMT2,0,[]
SHMT1,0,[]
SHLD2,0,[]
SIM2,0,[]
SIN3A,0,[]
SLC10A1,0,[]
SINHCAF,0,[]
SLAMF8,0,[]
SLAMF6,0,[]
SLAMF1,0,[]
SKP2,0,[]
SKP1,0,[]
SKA3,0,[]
SIX1,0,[]
SIRT7,0,[]
SIRT6,0,[]
SIRT3,0,[]
SIRT2,0,[]
SIRT1,0,[]
SIRPG,0,[]
SIRPB1,0,[]
SIRPA,0,[]
SDC4,0,[]
SDC3,0,[]
SDAD1,0,[]
RPA1,0,[]
ROS1,0,[]
RORC,0,[]
RORB,0,[]
ROR2,0,[]
ROR1,0,[]
ROCK2,0,[]
ROCK1,0,[]
ROBO4,0,[]
RO60,0,[]
RNF43,0,[]
RNF39,0,[]
RNF38,0,[]
RNF31,0,[]
RNF26,0,[]
RNF2,0,[]
RP1L1,0,[]
RPA2,0,[]
RNF180,0,[]
RPA3,0,[]
MAP2K5,0,[]
RRM2,0,[]
RRM1,0,[]
RREB1,0,[]
RRAS,0,[]
RRAD,0,[]
RPUSD2,0,[]
RPTOR,0,[]
RPS6KA5,0,[]
RPRML,0,[]
RPRM,0,[]
RPF1,0,[]
RPE65,0,[]
RPAP3,0,[]
RPAP1,0,[]
RNF187,0,[]
RNF167,0,[]
SCRN1,0,[]
RIPK1,0,[]
RIMS4,0,[]
RIMS3,0,[]
RILPL2,0,[]
RILPL1,0,[]
RIDA,0,[]
RIC8A,0,[]
RHOXF2,0,[]
RHOT1,0,[]
RHOH,0,[]
RHOA,0,[]
RHEB,0,[]
RHD,0,[]
RHCE,0,[]
RHBDD2,0,[]
RHBDD1,0,[]
RIOX1,0,[]
RIPK2,0,[]
RNF128,0,[]
RIPK3,0,[]
RNF121,0,[]
RNF112,0,[]
RNASEL,0,[]
RNASEH2B,0,[]
RNASE3,0,[]
RMND5A,0,[]
RMND1,0,[]
RMDN1,0,[]
RLN3,0,[]
RLN2,0,[]
RLN1,0,[]
RLF,0,[]
RITA1,0,[]
RIPOR1,0,[]
RIPK4,0,[]
RRP15,0,[]
RRP1B,0,[]
RRS1,0,[]
SBNO2,0,[]
SAXO1,0,[]
SATB2,0,[]
SATB1,0,[]
SAT2,0,[]
SASH1,0,[]
SART3,0,[]
SART1,0,[]
SAPCD2,0,[]
SAMHD1,0,[]
SAMD9,0,[]
SAMD5,0,[]
SAMD4A,0,[]
SALL4,0,[]
SAFB,0,[]
SACS,0,[]
SBNO1,0,[]
SCAF4,0,[]
RS1,0,[]
SCAMP4,0,[]
SCRIB,0,[]
SCNN1G,0,[]
SCNN1A,0,[]
SCN8A,0,[]
SCN7A,0,[]
SCN3A,0,[]
SCML2,0,[]
SCIN,0,[]
SCGN,0,[]
SCGB1D2,0,[]
SCGB1D1,0,[]
SCG5,0,[]
SCG2,0,[]
SCFD2,0,[]
SCAPER,0,[]
SAC3D1,0,[]
SAA4,0,[]
S1PR5,0,[]
S1PR3,0,[]
RUBCN,0,[]
RTN4IP1,0,[]
RTN4,0,[]
RTN1,0,[]
RTL8C,0,[]
RTL1,0,[]
RTKN2,0,[]
RTCB,0,[]
RSRC1,0,[]
RSPRY1,0,[]
RSPO3,0,[]
RSPO2,0,[]
RSPH9,0,[]
RSBN1,0,[]
RSAD2,0,[]
RUBCNL,0,[]
RUFY2,0,[]
RUNX1,0,[]
RXFP2,0,[]
S1PR1,0,[]
S100A3,0,[]
S100A1,0,[]
RYR1,0,[]
RXRA,0,[]
RXFP3,0,[]
RXFP1,0,[]
RUNX1T1,0,[]
RWDD4,0,[]
RWDD1,0,[]
RUVBL2,0,[]
RUVBL1,0,[]
RUNX3,0,[]
RUNX2,0,[]
SLC26A2,0,[]
SLC29A1,0,[]
TASOR,0,[]
SSRP1,0,[]
SSB,0,[]
SS18,0,[]
SRY,0,[]
SRSF2,0,[]
SRSF1,0,[]
SRPX,0,[]
SRPK1,0,[]
SRI,0,[]
SRFBP1,0,[]
SRF,0,[]
SREBF2,0,[]
SREBF1,0,[]
SRD5A3,0,[]
SRD5A2,0,[]
SRD5A1,0,[]
SSBP3,0,[]
SSTR1,0,[]
SRCAP,0,[]
SSTR2,0,[]
STAT5A,0,[]
STAT4,0,[]
STAT2,0,[]
STAR,0,[]
STAP1,0,[]
STAC3,0,[]
STAB1,0,[]
ST6GAL1,0,[]
SSX4,0,[]
SSX2IP,0,[]
SSX2,0,[]
SSX1,0,[]
SSTR5,0,[]
SSTR4,0,[]
SSTR3,0,[]
SRCIN1,0,[]
SRC,0,[]
STAU2,0,[]
SPI1,0,[]
SPECC1L,0,[]
SPECC1,0,[]
SPDYA,0,[]
SPATS2L,0,[]
SPATS2,0,[]
SPATA7,0,[]
SPATA5L1,0,[]
SPATA5,0,[]
SPATA4,0,[]
SPATA22,0,[]
SPATA18,0,[]
SPATA16,0,[]
SPART,0,[]
SPANXB1,0,[]
SPAG8,0,[]
SPHK1,0,[]
SPIB,0,[]
SRA1,0,[]
SPICE1,0,[]
SQLE,0,[]
SPZ1,0,[]
SPTA1,0,[]
SPRYD7,0,[]
SPRY2,0,[]
SPPL2A,0,[]
SPON2,0,[]
SPON1,0,[]
SPOCK1,0,[]
SPO11,0,[]
SPN,0,[]
SPINK7,0,[]
SPIN3,0,[]
SPIN2A,0,[]
SPIN1,0,[]
STAT5B,0,[]
STC2,0,[]
SLC29A3,0,[]
TAB1,0,[]
SYTL2,0,[]
SYT16,0,[]
SYP,0,[]
SYNRG,0,[]
SYNPO2,0,[]
SYNM,0,[]
SYNGR3,0,[]
SYNCRIP,0,[]
SYK,0,[]
SYCP1,0,[]
SWT1,0,[]
SVIL,0,[]
SVEP1,0,[]
SV2C,0,[]
SUV39H1,0,[]
SYVN1,0,[]
TAB2,0,[]
SUPV3L1,0,[]
TAC1,0,[]
TAS2R38,0,[]
TARDBP,0,[]
TANGO2,0,[]
TAL2,0,[]
TAL1,0,[]
TAFA5,0,[]
TAFA4,0,[]
TAF1,0,[]
TADA2A,0,[]
TACR3,0,[]
TACR2,0,[]
TACR1,0,[]
TACC2,0,[]
TAC4,0,[]
TAC3,0,[]
SURF6,0,[]
SUMO4,0,[]
STH,0,[]
STOML1,0,[]
STMN1,0,[]
STK40,0,[]
STK4,0,[]
STK39,0,[]
STK35,0,[]
STK33,0,[]
STK32C,0,[]
STK32A,0,[]
STK31,0,[]
STK3,0,[]
STK16,0,[]
STK11,0,[]
STIM2,0,[]
STIM1,0,[]
STIL,0,[]
STMN2,0,[]
STRIP1,0,[]
SUMO1,0,[]
STRIP2,0,[]
SULT2A1,0,[]
SULT1A1,0,[]
SULF1,0,[]
SUGP2,0,[]
SUGCT,0,[]
STYK1,0,[]
STXBP5,0,[]
STXBP4,0,[]
STX7,0,[]
STX1A,0,[]
STX11,0,[]
STUB1,0,[]
STS,0,[]
STRN4,0,[]
STRN3,0,[]
SPAG6,0,[]
SPAG5,0,[]
SPAG17,0,[]
SMAD7,0,[]
SMAD3,0,[]
SMAD2,0,[]
SMAD1,0,[]
SLMAP,0,[]
SLITRK5,0,[]
SLITRK2,0,[]
SLITRK1,0,[]
SLIT3,0,[]
SLIT2,0,[]
SLFN5,0,[]
SLFN11,0,[]
SLCO2B1,0,[]
SLCO1C1,0,[]
SLCO1B3,0,[]
SLCO1B1,0,[]
SMAD4,0,[]
SMAP2,0,[]
SLC9A3R1,0,[]
SMARCA1,0,[]
SMO,0,[]
SMN2,0,[]
SMN1,0,[]
SMCHD1,0,[]
SMC4,0,[]
SMC3,0,[]
SMC1A,0,[]
SMARCE1,0,[]
SMARCC1,0,[]
SMARCB1,0,[]
SMARCAL1,0,[]
SMARCAD1,0,[]
SMARCA5,0,[]
SMARCA4,0,[]
SMARCA2,0,[]
SLC9A3R2,0,[]
SLC9A3,0,[]
SPAG1,0,[]
SLC4A1,0,[]
SLC3A2,0,[]
SLC3A1,0,[]
SLC39A9,0,[]
SLC39A11,0,[]
SLC38A7,0,[]
SLC37A4,0,[]
SLC35G2,0,[]
SLC35E1,0,[]
SLC30A8,0,[]
SLC30A7,0,[]
SLC2A9,0,[]
SLC2A4RG,0,[]
SLC2A4,0,[]
SLC2A2,0,[]
SLC2A1,0,[]
SLC43A2,0,[]
SLC4A1AP,0,[]
SLC9A1,0,[]
SLC5A1,0,[]
SLC7A7,0,[]
SLC7A5,0,[]
SLC7A11,0,[]
SLC6A9,0,[]
SLC6A5,0,[]
SLC6A4,0,[]
SLC6A3,0,[]
SLC6A2,0,[]
SLC6A17,0,[]
SLC6A12,0,[]
SLC6A1,0,[]
SLC5A7,0,[]
SLC5A5,0,[]
SLC5A3,0,[]
SLC5A2,0,[]
SMOC1,0,[]
SMOC2,0,[]
SMOX,0,[]
SOX14,0,[]
SOX10,0,[]
SOX1,0,[]
SOSTDC1,0,[]
SOST,0,[]
SOS1,0,[]
SORT1,0,[]
SORL1,0,[]
SORD,0,[]
SORCS2,0,[]
SORCS1,0,[]
SOHLH2,0,[]
SOD3,0,[]
SOD1,0,[]
SOCS2,0,[]
SOCS1,0,[]
SOX11,0,[]
SOX17,0,[]
SMPD1,0,[]
SOX18,0,[]
SPAAR,0,[]
SPA17,0,[]
SP9,0,[]
SP3,0,[]
SP140,0,[]
SP110,0,[]
SP1,0,[]
SOX9,0,[]
SOX8,0,[]
SOX6,0,[]
SOX5,0,[]
SOX30,0,[]
SOX21,0,[]
SOX2-OT,0,[]
SOX2,0,[]
SOAT1,0,[]
SNX8,0,[]
SNX4,0,[]
SNX33,0,[]
SNHG11,0,[]
SNHG1,0,[]
SND1,0,[]
SNCA,0,[]
SNAP47,0,[]
SNAP25,0,[]
SNAP23,0,[]
SNAI2,0,[]
SNAI1,0,[]
SMYD3,0,[]
SMURF2,0,[]
SMURF1,0,[]
SMTN,0,[]
SMPDL3B,0,[]
SMPD3,0,[]
SNHG15,0,[]
SNHG17,0,[]
SNHG8,0,[]
SNX10,0,[]
SNX30,0,[]
SNX27,0,[]
SNX19,0,[]
SNX16,0,[]
SNX15,0,[]
SNX11,0,[]
SNX1,0,[]
SNRNP200,0,[]
SNURF,0,[]
SNTG2,0,[]
SNTB2,0,[]
SNRPD3,0,[]
SNRPD1,0,[]
SNRPB,0,[]
MAP3K1,0,[]
A2ML1,0,[]
MAP2K4,0,[]
CLEC4D,0,[]
CLEC4A,0,[]
CLEC2A,0,[]
CLEC16A,0,[]
CLEC14A,0,[]
CLEC12A,0,[]
CLEC10A,0,[]
CLDN7,0,[]
CLDN5,0,[]
CLDN18,0,[]
CLDN1,0,[]
CLCN5,0,[]
CLCN4,0,[]
CLCN3,0,[]
CKS2,0,[]
CKAP5,0,[]
CLEC4C,0,[]
CLEC4M,0,[]
CISD2,0,[]
CLEC5A,0,[]
CLSTN1,0,[]
CLPX,0,[]
CLPTM1L,0,[]
CLOCK,0,[]
CLNK,0,[]
CLN5,0,[]
CLN3,0,[]
CLK4,0,[]
CLK3,0,[]
CLK2,0,[]
CLIC3,0,[]
CLGN,0,[]
CLEC9A,0,[]
CLEC7A,0,[]
CLEC6A,0,[]
CKAP2,0,[]
CIP2A,0,[]
CGNL1,0,[]
CHRM3,0,[]
CHRM1,0,[]
CHRDL2,0,[]
CHRAC1,0,[]
CHODL,0,[]
CHIT1,0,[]
CHFR,0,[]
CHEK2,0,[]
CHEK1,0,[]
CHD7,0,[]
CHD5,0,[]
CHD3,0,[]
CHAMP1,0,[]
CHAF1A,0,[]
CHAD,0,[]
CH25H,0,[]
CHRM2,0,[]
CHRM4,0,[]
CINP,0,[]
CHRM5,0,[]
CILP2,0,[]
CIITA,0,[]
CIDEC,0,[]
CHUK,0,[]
CHST8,0,[]
CHRNB4,0,[]
CHRNB3,0,[]
CHRNB2,0,[]
CHRNB1,0,[]
CHRNA7,0,[]
CHRNA6,0,[]
CHRNA5,0,[]
CHRNA4,0,[]
CHRNA3,0,[]
CHRNA2,0,[]
CLSTN3,0,[]
CLTC,0,[]
CMA1,0,[]
CP,0,[]
CORO1C,0,[]
CORO1B,0,[]
CORIN,0,[]
COQ8A,0,[]
COPS5,0,[]
COMT,0,[]
COMP,0,[]
COLQ,0,[]
COLEC12,0,[]
COL7A1,0,[]
COL5A2,0,[]
COL5A1,0,[]
COL4A5,0,[]
COL4A4,0,[]
COL4A3,0,[]
CORT,0,[]
CPA4,0,[]
CMKLR1,0,[]
CPA5,0,[]
CREB3,0,[]
CREB1,0,[]
CRB2,0,[]
CR2,0,[]
CPZ,0,[]
CPXM2,0,[]
CPSF6,0,[]
CPS1,0,[]
CPNE9,0,[]
CPLX3,0,[]
CPEB3,0,[]
CPEB2,0,[]
CPEB1,0,[]
CPB2,0,[]
CPA6,0,[]
COL4A2,0,[]
COL4A1,0,[]
COL2A1,0,[]
COL25A1,0,[]
CNR1,0,[]
CNP,0,[]
CNOT1,0,[]
CNNM3,0,[]
CNNM1,0,[]
CNMD,0,[]
CNKSR3,0,[]
CNIH4,0,[]
CNGB3,0,[]
CNGB1,0,[]
CNDP1,0,[]
CMYA5,0,[]
CMTM8,0,[]
CMTM5,0,[]
CMSS1,0,[]
CNR2,0,[]
CNST,0,[]
CNTF,0,[]
COBLL1,0,[]
COL23A1,0,[]
COL18A1,0,[]
COL17A1,0,[]
COL11A1,0,[]
COL10A1,0,[]
COIL,0,[]
COASY,0,[]
CNTLN,0,[]
CNTROB,0,[]
CNTNAP4,0,[]
CNTNAP3,0,[]
CNTNAP1,0,[]
CNTN6,0,[]
CNTN2,0,[]
CGRRF1,0,[]
CGB3,0,[]
CREBBP,0,[]
CD93,0,[]
CD86,0,[]
CD84,0,[]
CD83,0,[]
CD82,0,[]
CD80,0,[]
CD79B,0,[]
CD79A,0,[]
CD72,0,[]
CD70,0,[]
CD7,0,[]
CD68,0,[]
CD6,0,[]
CD5L,0,[]
CD59,0,[]
CD58,0,[]
CD8B,0,[]
CD99,0,[]
CD5,0,[]
CDA,0,[]
CDCA3,0,[]
CDCA2,0,[]
CDC73,0,[]
CDC6,0,[]
CDC42BPG,0,[]
CDC42,0,[]
CDC37,0,[]
CDC34,0,[]
CDC27,0,[]
CDC25C,0,[]
CDC25A,0,[]
CDC20,0,[]
CDC14A,0,[]
CDC123,0,[]
CDAN1,0,[]
CD55,0,[]
CD47,0,[]
CGAS,0,[]
CD274,0,[]
CD248,0,[]
CD247,0,[]
CD244,0,[]
CD226,0,[]
CD22,0,[]
CD209,0,[]
CD207,0,[]
CD200,0,[]
CD2,0,[]
CD1D,0,[]
CD19,0,[]
CD180,0,[]
CD177,0,[]
CD160,0,[]
CD151,0,[]
CD27,0,[]
CD276,0,[]
CD46,0,[]
CD28,0,[]
CD40LG,0,[]
CD40,0,[]
CD4,0,[]
CD3G,0,[]
CD3EAP,0,[]
CD3E,0,[]
CD38,0,[]
CD36,0,[]
CD34,0,[]
CD33,0,[]
CD320,0,[]
CD300C,0,[]
CD300A,0,[]
CD2BP2,0,[]
CD2AP,0,[]
CDCA7L,0,[]
CDCP1,0,[]
CDH1,0,[]
CEP170,0,[]
CEP112,0,[]
CENPV,0,[]
CENPF,0,[]
CENPB,0,[]
CENPA,0,[]
CEMIP2,0,[]
CELSR3,0,[]
CELSR2,0,[]
CELSR1,0,[]
CEACAM8,0,[]
CEACAM3,0,[]
CEACAM1,0,[]
CDX2,0,[]
CDX1,0,[]
CDV3,0,[]
CEP128,0,[]
CEP19,0,[]
CDH11,0,[]
CEP44,0,[]
CFTR,0,[]
CFLAR,0,[]
CFL2,0,[]
CFHR1,0,[]
CFH,0,[]
CFDP1,0,[]
CFC1,0,[]
CFAP47,0,[]
CFAP46,0,[]
CFAP43,0,[]
CFAP20,0,[]
CETP,0,[]
CES1,0,[]
CEP85,0,[]
CEP55,0,[]
CDSN,0,[]
CDR2L,0,[]
CDKN3,0,[]
CDKN2B,0,[]
CDK16,0,[]
CDK14,0,[]
CDK10,0,[]
CDK1,0,[]
CDHR2,0,[]
CDHR1,0,[]
CDH7,0,[]
CDH6,0,[]
CDH5,0,[]
CDH3,0,[]
CDH23,0,[]
CDH22,0,[]
CDH2,0,[]
CDH16,0,[]
CDH13,0,[]
CDK17,0,[]
CDK18,0,[]
CDK2,0,[]
CDKAL1,0,[]
CDKN2AIP,0,[]
CDKN2A,0,[]
CDKN1C,0,[]
CDKN1B,0,[]
CDKL3,0,[]
CDKL1,0,[]
CDK9,0,[]
CDK3,0,[]
CDK8,0,[]
CDK7,0,[]
CDK6,0,[]
CDK5RAP1,0,[]
CDK5,0,[]
CDK4,0,[]
CREB5,0,[]
CREG1,0,[]
CD101,0,[]
DLL3,0,[]
DLK2,0,[]
DLK1,0,[]
DLG4,0,[]
DLG1,0,[]
DLEU2,0,[]
DLEU1,0,[]
DLEC1,0,[]
DLD,0,[]
DKK1,0,[]
DKC1,0,[]
DISC1,0,[]
DIS3L2,0,[]
DIS3,0,[]
DIRAS3,0,[]
DIP2B,0,[]
DLL1,0,[]
DLL4,0,[]
DICER1,0,[]
DLX4,0,[]
DNAH7,0,[]
DNAH5,0,[]
DNAH2,0,[]
DNAH14,0,[]
DNAH12,0,[]
DNAH11,0,[]
DNAH10,0,[]
DNAH1,0,[]
DMXL2,0,[]
DMXL1,0,[]
DMRT2,0,[]
DMPK,0,[]
DMKN,0,[]
DMD,0,[]
DMBX1,0,[]
DIP2A,0,[]
DIABLO,0,[]
DDX10,0,[]
DEFA1,0,[]
DDX58,0,[]
DDX55,0,[]
DDX53,0,[]
DDX51,0,[]
DDX50,0,[]
DDX43,0,[]
DDX3Y,0,[]
DDX3X,0,[]
DDX39B,0,[]
DDX31,0,[]
DDX28,0,[]
DDX27,0,[]
DDX25,0,[]
DDX21,0,[]
DDX20,0,[]
DDX6,0,[]
DEFA6,0,[]
DHX9,0,[]
DEFB103B,0,[]
DHX57,0,[]
DHX34,0,[]
DHX30,0,[]
DHX29,0,[]
DHRS2,0,[]
DHRS1,0,[]
DHODH,0,[]
DHFR,0,[]
DHDDS,0,[]
DHCR7,0,[]
DGAT1,0,[]
DERL3,0,[]
DEPTOR,0,[]
DEPDC7,0,[]
DEFB4A,0,[]
DNAH8,0,[]
DNAH9,0,[]
DNAI1,0,[]
DVL3,0,[]
DVL1,0,[]
DUX4,0,[]
DUSP5,0,[]
DUSP28,0,[]
DUSP23,0,[]
DUSP13,0,[]
DUOXA2,0,[]
DUOXA1,0,[]
DUOX2,0,[]
DTX1,0,[]
DTNBP1,0,[]
DTNA,0,[]
DST,0,[]
DSG3,0,[]
DSG2,0,[]
DVL2,0,[]
DYDC1,0,[]
DNAJA3,0,[]
DYNC1H1,0,[]
ECHDC1,0,[]
ECEL1,0,[]
ECE1,0,[]
ECD,0,[]
EBP,0,[]
EBI3,0,[]
EBF2,0,[]
EBF1,0,[]
E4F1,0,[]
E2F4,0,[]
E2F3,0,[]
E2F1,0,[]
DZIP1L,0,[]
DYRK1B,0,[]
DYRK1A,0,[]
DSG1,0,[]
DRG1,0,[]
DRD5,0,[]
DRD3,0,[]
DOC2A,0,[]
DNTT,0,[]
DNPEP,0,[]
DNMT3B,0,[]
DNMT3A,0,[]
DNMT1,0,[]
DNM2,0,[]
DNASE1L3,0,[]
DNAJC9,0,[]
DNAJC17,0,[]
DNAJC10,0,[]
DNAJB5,0,[]
DNAJB4,0,[]
DNAJB2,0,[]
DNAJB12,0,[]
DOCK9,0,[]
DOK5,0,[]
DOK7,0,[]
DPY19L2,0,[]
DRD2,0,[]
DRD1,0,[]
DRC3,0,[]
DRC1,0,[]
DPYSL2,0,[]
DPYD,0,[]
DPPA2,0,[]
DOT1L,0,[]
DPP8,0,[]
DPP4,0,[]
DPM1,0,[]
DPF3,0,[]
DPF2,0,[]
DPAGT1,0,[]
DDX19A,0,[]
DDX1,0,[]
CREG2,0,[]
CTSA,0,[]
CTNND2,0,[]
CTNND1,0,[]
CTNNB1,0,[]
CTNNAL1,0,[]
CTLA4,0,[]
CTHRC1,0,[]
CTH,0,[]
CTCFL,0,[]
CTCF,0,[]
CTBP2,0,[]
CTBP1,0,[]
CTAG1B,0,[]
CST7,0,[]
CST5,0,[]
CST4,0,[]
CTRL,0,[]
CTSG,0,[]
CST1,0,[]
CTSH,0,[]
CX3CL1,0,[]
CUZD1,0,[]
CUX2,0,[]
CUTA,0,[]
CUL5,0,[]
CUL4B,0,[]
CUL4A,0,[]
CUL3,0,[]
CUL2,0,[]
CUL1,0,[]
CUEDC2,0,[]
CUBN,0,[]
CTXN3,0,[]
CTTNBP2NL,0,[]
CTTN,0,[]
CST2,0,[]
CSRP3,0,[]
DDR2,0,[]
CRYZ,0,[]
CRYGC,0,[]
CRYBG3,0,[]
CRYBG1,0,[]
CRYBB3,0,[]
CRYAA,0,[]
CRTAM,0,[]
CRTAC1,0,[]
CRNN,0,[]
CRNDE,0,[]
CRKL,0,[]
CRK,0,[]
CRIPT,0,[]
CRHR2,0,[]
CRHR1,0,[]
CRH,0,[]
CRYGS,0,[]
CRYZL1,0,[]
CSRP1,0,[]
CSE1L,0,[]
CSPP1,0,[]
CSPG4,0,[]
CSNK2B,0,[]
CSNK2A2,0,[]
CSNK2A1,0,[]
CSNK1G1,0,[]
CSNK1E,0,[]
CSNK1A1L,0,[]
CSNK1A1,0,[]
CSF3R,0,[]
CSF3,0,[]
CSF2RB,0,[]
CSF2RA,0,[]
CSF2,0,[]
CSF1,0,[]
CX3CR1,0,[]
CXADR,0,[]
CXCL10,0,[]
DAZAP1,0,[]
DAPK1,0,[]
DAP3,0,[]
DAOA,0,[]
DAO,0,[]
DAG1,0,[]
DACT2,0,[]
DACH2,0,[]
DACH1,0,[]
DAB2,0,[]
DAB1,0,[]
CYTOR,0,[]
CYTH2,0,[]
CYSLTR2,0,[]
CYSLTR1,0,[]
CYREN,0,[]
DAXX,0,[]
DAZAP2,0,[]
CXCL11,0,[]
DAZL,0,[]
DDR1,0,[]
DDIT4L,0,[]
DDIT3,0,[]
DDI2,0,[]
DDC,0,[]
DDB2,0,[]
DDB1,0,[]
DCX,0,[]
DCTN1,0,[]
DCT,0,[]
DCLK1,0,[]
DCDC1,0,[]
DCAF1,0,[]
DBR1,0,[]
DBN1,0,[]
CYP7A1,0,[]
CYP4F2,0,[]
CYP46A1,0,[]
CYP3A5,0,[]
CYFIP2,0,[]
CYCS,0,[]
CYBC1,0,[]
CXCR6,0,[]
CXCR5,0,[]
CXCR4,0,[]
CXCR3,0,[]
CXCR2,0,[]
CXCR1,0,[]
CXCL9,0,[]
CXCL6,0,[]
CXCL5,0,[]
CXCL2,0,[]
CXCL16,0,[]
CXCL12,0,[]
CYHR1,0,[]
CYLD,0,[]
CYP11A1,0,[]
CYP27B1,0,[]
CYP2J2,0,[]
CYP2D6,0,[]
CYP2C9,0,[]
CYP2C8,0,[]
CYP2C19,0,[]
CYP2A6,0,[]
CYP27A1,0,[]
CYP11B2,0,[]
CYP24A1,0,[]
CYP20A1,0,[]
CYP1A2,0,[]
CYP1A1,0,[]
CYP19A1,0,[]
CYP17A1,0,[]
CD109,0,[]
CCT8,0,[]
ECPAS,0,[]
AP5B1,0,[]
AP3D1,0,[]
AP3B2,0,[]
AP2A2,0,[]
AP1S3,0,[]
AP1M1,0,[]
AP1B1,0,[]
AOX1,0,[]
AOC3,0,[]
AOAH,0,[]
ANXA8,0,[]
ANXA5,0,[]
ANXA3,0,[]
ANXA10,0,[]
ANPEP,0,[]
ANP32E,0,[]
AP3M2,0,[]
APAF1,0,[]
ANO1,0,[]
APC,0,[]
APOBEC3G,0,[]
APOBEC3F,0,[]
APOBEC3D,0,[]
APOBEC3C,0,[]
APOBEC3B,0,[]
APOB,0,[]
APMAP,0,[]
APLNR,0,[]
APLN,0,[]
APLF,0,[]
API5,0,[]
APH1B,0,[]
APEX2,0,[]
APEX1,0,[]
APELA,0,[]
ANO3,0,[]
ANKZF1,0,[]
ALG6,0,[]
ANGPT2,0,[]
ANAPC1,0,[]
AMOT,0,[]
AMIGO3,0,[]
AMIGO1,0,[]
AMH,0,[]
AMFR,0,[]
AMER1,0,[]
AMACR,0,[]
ALX1,0,[]
ALPL,0,[]
ALPK3,0,[]
ALPK1,0,[]
ALOX12,0,[]
ALKBH5,0,[]
ALK,0,[]
ANGPT1,0,[]
ANGPTL2,0,[]
ANKS6,0,[]
ANGPTL3,0,[]
ANKS1A,0,[]
ANKRD6,0,[]
ANKRD44,0,[]
ANKRD40,0,[]
ANKRD30A,0,[]
ANKRD17,0,[]
ANKRD13D,0,[]
ANKRD13A,0,[]
ANKK1,0,[]
ANKHD1,0,[]
ANK1,0,[]
ANGPTL8,0,[]
ANGPTL7,0,[]
ANGPTL6,0,[]
ANGPTL4,0,[]
APOL2,0,[]
APOL3,0,[]
APOM,0,[]
ATG5,0,[]
ATG16L1,0,[]
ATG10,0,[]
ATF6,0,[]
ATF4,0,[]
ATF3,0,[]
ATF2,0,[]
ATF1,0,[]
ATAD3A,0,[]
ASXL1,0,[]
ASTN2,0,[]
ASPN,0,[]
ASPM,0,[]
ASIC1,0,[]
ASH2L,0,[]
ASF1B,0,[]
ATG2A,0,[]
ATG7,0,[]
APP,0,[]
ATIC,0,[]
ATP7A,0,[]
ATP6V1H,0,[]
ATP6V1B1,0,[]
ATP5F1C,0,[]
ATP2B1,0,[]
ATP2A2,0,[]
ATP13A2,0,[]
ATP10D,0,[]
ATOH8,0,[]
ATOH7,0,[]
ATOH1,0,[]
ATM,0,[]
ATL3,0,[]
ATL2,0,[]
ATL1,0,[]
ASCL2,0,[]
ASCL1,0,[]
ASCC3,0,[]
ASCC2,0,[]
ARHGAP36,0,[]
ARHGAP35,0,[]
ARG2,0,[]
ARG1,0,[]
ARFIP1,0,[]
ARF6,0,[]
ARF1,0,[]
ARC,0,[]
AR,0,[]
AQP8,0,[]
AQP7,0,[]
AQP5,0,[]
AQP4,0,[]
APTX,0,[]
APPBP2,0,[]
ARHGEF2,0,[]
ARHGEF7,0,[]
ARID1A,0,[]
ARRB1,0,[]
ARX,0,[]
ART4,0,[]
ART3,0,[]
ART1,0,[]
ARRDC3,0,[]
ARRB2,0,[]
ARR3,0,[]
ARID3B,0,[]
ARNT,0,[]
ARMH3,0,[]
ARMC7,0,[]
ARMC5,0,[]
ARL8B,0,[]
ARL4D,0,[]
ALG9,0,[]
ALG2,0,[]
ATPAF1,0,[]
ACVRL1,0,[]
ACVR1B,0,[]
ACVR1,0,[]
ACTN4,0,[]
ACTN2,0,[]
ACTN1,0,[]
ACTL7A,0,[]
ACTL6A,0,[]
ACTBL2,0,[]
ACSL4,0,[]
ACRV1,0,[]
ACRBP,0,[]
ACPP,0,[]
ACOD1,0,[]
ACKR3,0,[]
ACHE,0,[]
ACVR2A,0,[]
ACYP2,0,[]
ACAT1,0,[]
ADA,0,[]
ADCYAP1,0,[]
ADCY2,0,[]
ADAR,0,[]
ADAMTSL3,0,[]
ADAMTS4,0,[]
ADAMTS2,0,[]
ADAMTS19,0,[]
ADAMTS12,0,[]
ADAMDEC1,0,[]
ADAM9,0,[]
ADAM33,0,[]
ADAM28,0,[]
ADAM17,0,[]
ADAM12,0,[]
ADAM10,0,[]
ACE2,0,[]
ACAP2,0,[]
ALG11,0,[]
ABCC8,0,[]
ABCC4,0,[]
ABCC3,0,[]
ABCC2,0,[]
ABCC12,0,[]
ABCC1,0,[]
ABCB6,0,[]
ABCB4,0,[]
ABCB1,0,[]
ABCA7,0,[]
ABCA4,0,[]
ABCA3,0,[]
ABCA1,0,[]
ABAT,0,[]
AARSD1,0,[]
AAR2,0,[]
ABCC6,0,[]
ABCC9,0,[]
ACACB,0,[]
ABCD1,0,[]
ACACA,0,[]
ACAA2,0,[]
ABTB2,0,[]
ABTB1,0,[]
ABO,0,[]
ABL2,0,[]
ABL1,0,[]
ABI3BP,0,[]
ABHD6,0,[]
ABHD11,0,[]
ABCG2,0,[]
ABCG1,0,[]
ABCF3,0,[]
ABCD4,0,[]
ABCD3,0,[]
ADCYAP1R1,0,[]
ADD1,0,[]
ADGRA1,0,[]
AIRE,0,[]
AIMP2,0,[]
AIM2,0,[]
AIFM1,0,[]
AIF1L,0,[]
AICDA,0,[]
AHSG,0,[]
AHRR,0,[]
AHCY,0,[]
AGXT,0,[]
AGTR2,0,[]
AGTR1,0,[]
AGRP,0,[]
AGR3,0,[]
AGO1,0,[]
AGMAT,0,[]
AIP,0,[]
AJAP1,0,[]
ADGRA2,0,[]
AKAP11,0,[]
ALDOA,0,[]
ALDH7A1,0,[]
ALDH3A2,0,[]
ALDH2,0,[]
ALDH1B1,0,[]
ALCAM,0,[]
ALAD,0,[]
AKTIP,0,[]
AKT3,0,[]
AKT2,0,[]
AKT1,0,[]
AKR1C3,0,[]
AKR1B1,0,[]
AKAP8,0,[]
AKAP4,0,[]
AGER,0,[]
AGAP3,0,[]
AGAP1,0,[]
AFM,0,[]
ADORA1,0,[]
ADNP,0,[]
ADM,0,[]
ADIPOR2,0,[]
ADIPOR1,0,[]
ADIPOQ,0,[]
ADGRL4,0,[]
ADGRL1,0,[]
ADGRG5,0,[]
ADGRE1,0,[]
ADGRD2,0,[]
ADGRD1,0,[]
ADGRB2,0,[]
ADGRB1,0,[]
ADGRA3,0,[]
ADORA2A,0,[]
ADORA2B,0,[]
ADORA3,0,[]
ADRB3,0,[]
AFG1L,0,[]
AFF2,0,[]
AFF1,0,[]
AFAP1L2,0,[]
AEBP1,0,[]
ADTRP,0,[]
ADRB2,0,[]
ADRA1A,0,[]
ADRB1,0,[]
ADRA2C,0,[]
ADRA2B,0,[]
ADRA2A,0,[]
ADRA1D,0,[]
ADRA1B,0,[]
ATP7B,0,[]
ATPSCKMT,0,[]
CCT7,0,[]
CAT,0,[]
CASS4,0,[]
CASR,0,[]
CASQ2,0,[]
CASP9,0,[]
CASP8AP2,0,[]
CASP8,0,[]
CASP7,0,[]
CASP6,0,[]
CASP3,0,[]
CASP2,0,[]
CASP10,0,[]
CASP1,0,[]
CASK,0,[]
CASC8,0,[]
CARTPT,0,[]
CASZ1,0,[]
CATSPER2,0,[]
CARF,0,[]
CAV2,0,[]
CBX1,0,[]
CBWD2,0,[]
CBSL,0,[]
CBS,0,[]
CBR1,0,[]
CBLN4,0,[]
CBLN3,0,[]
CBLN1,0,[]
CBLIF,0,[]
CBLB,0,[]
CBL,0,[]
CBFB,0,[]
CBARP,0,[]
CAVIN3,0,[]
CAVIN2,0,[]
CARM1,0,[]
CARD9,0,[]
CACNA1D,0,[]
CALM3,0,[]
CALCR,0,[]
CALCB,0,[]
CALCA,0,[]
CALB2,0,[]
CALB1,0,[]
CADM4,0,[]
CADM3,0,[]
CAD,0,[]
CACYBP,0,[]
CACUL1,0,[]
CACNG5,0,[]
CACNG4,0,[]
CACNG3,0,[]
CACNA2D1,0,[]
CACNA1H,0,[]
CALCRL,0,[]
CALML3,0,[]
CARD8,0,[]
CALR3,0,[]
CARD14,0,[]
CARD11,0,[]
CARD10,0,[]
CAPN3,0,[]
CAPN1,0,[]
CANX,0,[]
CAND1,0,[]
CAMSAP2,0,[]
CAMP,0,[]
CAMKV,0,[]
CAMK2G,0,[]
CAMK2D,0,[]
CAMK2B,0,[]
CAMK2A,0,[]
CAMK1,0,[]
CBX5,0,[]
CC2D1A,0,[]
CCAR2,0,[]
CCND3,0,[]
CCND1,0,[]
CCNB3,0,[]
CCNB2,0,[]
CCNB1,0,[]
CCNA2,0,[]
CCNA1,0,[]
CCN4,0,[]
CCN3,0,[]
CCN2,0,[]
CCN1,0,[]
CCL7,0,[]
CCL28,0,[]
CCL27,0,[]
CCL26,0,[]
CCL25,0,[]
CCND2,0,[]
CCNDBP1,0,[]
CCAT2,0,[]
CCNE1,0,[]
CCT6A,0,[]
CCT2,0,[]
CCRL2,0,[]
CCR9,0,[]
CCR8,0,[]
CCR7,0,[]
CCR6,0,[]
CCR5,0,[]
CCR4,0,[]
CCR3,0,[]
CCR2,0,[]
CCR1,0,[]
CCNY,0,[]
CCNT1,0,[]
CCNO,0,[]
CCL23,0,[]
CCL22,0,[]
CCL20,0,[]
CCL19,0,[]
CCDC57,0,[]
CCDC51,0,[]
CCDC50,0,[]
CCDC43,0,[]
CCDC33,0,[]
CCDC27,0,[]
CCDC170,0,[]
CCDC141,0,[]
CCDC14,0,[]
CCDC137,0,[]
CCDC124,0,[]
CCDC113,0,[]
CCDC103,0,[]
CCDC102B,0,[]
CCBE1,0,[]
CCDC6,0,[]
CCDC61,0,[]
CCDC62,0,[]
CCKBR,0,[]
CCL18,0,[]
CCL17,0,[]
CCL16,0,[]
CCL15,0,[]
CCL11,0,[]
CCL1,0,[]
CCKAR,0,[]
CCDC7,0,[]
CCK,0,[]
CCDC91,0,[]
CCDC9,0,[]
CCDC86,0,[]
CCDC80,0,[]
CCDC77,0,[]
CACNA1G,0,[]
CACNA1C,0,[]
ATR,0,[]
BCL2L11,0,[]
BCL2,0,[]
BCL11B,0,[]
BCL11A,0,[]
BCL10,0,[]
BCKDK,0,[]
BCHE,0,[]
BCCIP,0,[]
BCAS3,0,[]
BCAR4,0,[]
BCAR3,0,[]
BCAR1,0,[]
BCAN,0,[]
BCAM,0,[]
BBC3,0,[]
BAZ2B,0,[]
BCL2L1,0,[]
BCL2L12,0,[]
BATF3,0,[]
BCL2L13,0,[]
BEX2,0,[]
BECN1,0,[]
BEAN1,0,[]
BDNF,0,[]
BDKRB2,0,[]
BDKRB1,0,[]
BCR,0,[]
BCORL1,0,[]
BCOR,0,[]
BCL7C,0,[]
BCL7B,0,[]
BCL6B,0,[]
BCL6,0,[]
BCL3,0,[]
BCL2L2,0,[]
BAX,0,[]
BATF,0,[]
CACNA1B,0,[]
AXL,0,[]
AXIN1,0,[]
AVPR2,0,[]
AVPR1B,0,[]
AVPR1A,0,[]
AURKC,0,[]
AURKB,0,[]
AURKA,0,[]
AUNIP,0,[]
ATXN7L2,0,[]
ATXN3,0,[]
ATXN2L,0,[]
ATXN2,0,[]
ATXN1L,0,[]
ATXN1,0,[]
ATRX,0,[]
AXIN2,0,[]
B3GAT1,0,[]
BARX2,0,[]
B4GAT1,0,[]
BARHL2,0,[]
BARD1,0,[]
BAP1,0,[]
BANK1,0,[]
BAK1,0,[]
BAIAP2,0,[]
BAG6,0,[]
BAG3,0,[]
BAG2,0,[]
BAD,0,[]
BACH2,0,[]
BACE2,0,[]
BACE1,0,[]
BAAT,0,[]
BAALC,0,[]
BFSP1,0,[]
BFSP2,0,[]
BHMT,0,[]
C1QTNF6,0,[]
C1QL3,0,[]
C1QBP,0,[]
BVES,0,[]
BUB1B,0,[]
BUB1,0,[]
BTRC,0,[]
BTNL2,0,[]
BTN3A1,0,[]
BTLA,0,[]
BTK,0,[]
BTBD9,0,[]
BTAF1,0,[]
BST1,0,[]
BSDC1,0,[]
BRSK2,0,[]
C1QTNF1,0,[]
C1QTNF9,0,[]
BICRAL,0,[]
C1RL,0,[]
CABYR,0,[]
CABP4,0,[]
CABCOCO1,0,[]
CA9,0,[]
CA4,0,[]
CA14,0,[]
CA10,0,[]
C9,0,[]
C8G,0,[]
C8B,0,[]
C6,0,[]
C5,0,[]
C4B,0,[]
C4A,0,[]
C3AR1,0,[]
BRIX1,0,[]
BRIP1,0,[]
BRINP1,0,[]
BRI3BP,0,[]
BMP5,0,[]
BMP4,0,[]
BMP2K,0,[]
BMP2,0,[]
BMI1,0,[]
BLVRA,0,[]
BLOC1S2,0,[]
BLNK,0,[]
BLM,0,[]
BLK,0,[]
BIRC7,0,[]
BIRC5,0,[]
BIRC2,0,[]
BIK,0,[]
BID,0,[]
BMP6,0,[]
BMP7,0,[]
BMP8A,0,[]
BOLL,0,[]
BRDT,0,[]
BRD4,0,[]
BRD3,0,[]
BRCA2,0,[]
BRCA1,0,[]
BRAF,0,[]
BNIP3,0,[]
BMP8B,0,[]
BNC2,0,[]
BNC1,0,[]
BMPR2,0,[]
BMPR1B,0,[]
BMPR1A,0,[]
BMPER,0,[]
ECHS1,0,[]
ECRG4,0,[]
MAP2K1,0,[]
IL2RG,0,[]
IL2RA,0,[]
IL26,0,[]
IL25,0,[]
IL24,0,[]
IL23R,0,[]
IL23A,0,[]
IL22RA1,0,[]
IL22,0,[]
IL21,0,[]
IL20,0,[]
IL2,0,[]
IL1RN,0,[]
IL1RL2,0,[]
IL1RL1,0,[]
IL1RAP,0,[]
IL2RB,0,[]
IL3,0,[]
IL1F10,0,[]
IL31,0,[]
IL9R,0,[]
IL9,0,[]
IL7,0,[]
IL6ST,0,[]
IL6R,0,[]
IL6,0,[]
IL5RA,0,[]
IL5,0,[]
IL4R,0,[]
IL4,0,[]
IL3RA,0,[]
IL37,0,[]
IL36G,0,[]
IL34,0,[]
IL33,0,[]
IL1R1,0,[]
IL1A,0,[]
IGHE,0,[]
IL12B,0,[]
IL11,0,[]
IL10RB,0,[]
IL10RA,0,[]
IL10,0,[]
IKZF4,0,[]
IKZF3,0,[]
IKZF2,0,[]
IKZF1,0,[]
IKBKG,0,[]
IKBKE,0,[]
IKBKB,0,[]
IHH,0,[]
IGSF9B,0,[]
IGSF8,0,[]
IGSF3,0,[]
IL12A,0,[]
IL12RB1,0,[]
IL19,0,[]
IL12RB2,0,[]
IL18RAP,0,[]
IL18R1,0,[]
IL18BP,0,[]
IL18,0,[]
IL17RB,0,[]
IL17F,0,[]
IL17D,0,[]
IL17B,0,[]
IL17A,0,[]
IL16,0,[]
IL15RA,0,[]
IL15,0,[]
IL13RA2,0,[]
IL13RA1,0,[]
IL13,0,[]
ILDR2,0,[]
ILF3,0,[]
ILK,0,[]
ITGAD,0,[]
ITGA5,0,[]
ITGA4,0,[]
ITGA3,0,[]
ITGA2B,0,[]
ITGA2,0,[]
ITGA1,0,[]
ITCH,0,[]
ISOC2,0,[]
ISL1,0,[]
IRX1,0,[]
IRS4,0,[]
IRS1,0,[]
IRGQ,0,[]
IRGM,0,[]
IRF8,0,[]
ITGA6,0,[]
ITGAE,0,[]
IMMT,0,[]
ITGAL,0,[]
ITPR3,0,[]
ITPR1,0,[]
ITPKA,0,[]
ITK,0,[]
ITIH5,0,[]
ITIH1,0,[]
ITGB7,0,[]
ITGB6,0,[]
ITGB5,0,[]
ITGB4,0,[]
ITGB3,0,[]
ITGB1BP2,0,[]
ITGAX,0,[]
ITGAV,0,[]
ITGAM,0,[]
IRF7,0,[]
IRF5,0,[]
IRF4,0,[]
IRF3,0,[]
INSC,0,[]
INPPL1,0,[]
INPP5D,0,[]
INPP4B,0,[]
INO80D,0,[]
INMT,0,[]
INHBB,0,[]
INHBA,0,[]
INHA,0,[]
ING1,0,[]
INCA1,0,[]
INA,0,[]
IMPG1,0,[]
IMPDH2,0,[]
IMPDH1,0,[]
INSL3,0,[]
INSL4,0,[]
INSM1,0,[]
IQGAP1,0,[]
IRF2BPL,0,[]
IRF2BP1,0,[]
IRAK4,0,[]
IRAK2,0,[]
IRAK1,0,[]
IQSEC1,0,[]
IPP,0,[]
INSR,0,[]
IPO9,0,[]
IPO7,0,[]
IPO5,0,[]
IPO11,0,[]
INVS,0,[]
INSRR,0,[]
IGSF1,0,[]
IGFN1,0,[]
IVNS1ABP,0,[]
HPSE2,0,[]
HPS5,0,[]
HPRT1,0,[]
HPGD,0,[]
HPD,0,[]
HPCAL1,0,[]
HPCA,0,[]
HOXD9,0,[]
HOXD10,0,[]
HOXC13,0,[]
HOXC11,0,[]
HOXB9,0,[]
HOXB6,0,[]
HOXB5,0,[]
HOXB4,0,[]
HOXB13,0,[]
HPSE,0,[]
HRAS,0,[]
HOXA5,0,[]
HRH2,0,[]
HSF1,0,[]
HSDL1,0,[]
HSD3B1,0,[]
HSD17B6,0,[]
HSD17B2,0,[]
HSD17B10,0,[]
HSD17B1,0,[]
HSD11B2,0,[]
HSD11B1,0,[]
HS6ST2,0,[]
HS3ST5,0,[]
HS3ST3A1,0,[]
HS3ST2,0,[]
HRH4,0,[]
HRH3,0,[]
HOXA9,0,[]
HOXA13,0,[]
IGFBP2,0,[]
HMGN5,0,[]
HMGCR,0,[]
HMGB3,0,[]
HMGB2,0,[]
HMGA2,0,[]
HMGA1,0,[]
HMCN1,0,[]
HLX,0,[]
HK2,0,[]
HIVEP2,0,[]
HIPK3,0,[]
HIPK2,0,[]
HIF1A,0,[]
HHLA2,0,[]
HHEX,0,[]
HGS,0,[]
HMGN3,0,[]
HMMR,0,[]
HOXA11,0,[]
HMOX1,0,[]
HOXA10,0,[]
HOTAIR,0,[]
HOPX,0,[]
HOOK3,0,[]
HNRNPUL1,0,[]
HNRNPLL,0,[]
HNRNPH1,0,[]
HNRNPF,0,[]
HNRNPD,0,[]
HNRNPA1L2,0,[]
HNMT,0,[]
HNF4A,0,[]
HNF1B,0,[]
HNF1A,0,[]
HMX2,0,[]
HSF4,0,[]
HSPA1L,0,[]
HSPA2,0,[]
IFNG,0,[]
IFNAR2,0,[]
IFNAR1,0,[]
IFNA8,0,[]
IFNA7,0,[]
IFNA2,0,[]
IFNA17,0,[]
IFNA1,0,[]
IFITM1,0,[]
IFIT3,0,[]
IFIT2,0,[]
IFIT1,0,[]
IFIH1,0,[]
IFI44L,0,[]
IFI35,0,[]
IFI16,0,[]
IFNB1,0,[]
IFNGR1,0,[]
HSPA4,0,[]
IFNGR2,0,[]
IGFBP1,0,[]
IGF2R,0,[]
IGF2BP3,0,[]
IGF2BP2,0,[]
IGF2BP1,0,[]
IGF2,0,[]
IGF1R,0,[]
IGF1,0,[]
IGBP1,0,[]
IFT57,0,[]
IFRD1,0,[]
IFNW1,0,[]
IFNL3,0,[]
IFNL2,0,[]
IFNL1,0,[]
IDUA,0,[]
IDO1,0,[]
IDH2,0,[]
IDH1,0,[]
HTR2C,0,[]
HTR2A,0,[]
HTR1E,0,[]
HTR1D,0,[]
HTR1B,0,[]
HTR1A,0,[]
HTATIP2,0,[]
HSPG2,0,[]
HSPD1,0,[]
HSPBP1,0,[]
HSPB8,0,[]
HSPB3,0,[]
HSPB11,0,[]
HSPA9,0,[]
HSPA6,0,[]
HTR3A,0,[]
HTR4,0,[]
HTR5A,0,[]
ICAM3,0,[]
IDE,0,[]
ID4,0,[]
ICOSLG,0,[]
ICOS,0,[]
ICAM5,0,[]
ICAM4,0,[]
ICAM1,0,[]
HTR6,0,[]
ICA1,0,[]
IARS2,0,[]
HUWE1,0,[]
HTT,0,[]
HTRA2,0,[]
HTR7,0,[]
ITPRID2,0,[]
JAG1,0,[]
HGF,0,[]
LIPF,0,[]
LIPC,0,[]
LIPA,0,[]
LINS1,0,[]
LINGO2,0,[]
LIN28B,0,[]
LIN28A,0,[]
LIMK1,0,[]
LIM2,0,[]
LILRB4,0,[]
LILRB2,0,[]
LILRA6,0,[]
LILRA4,0,[]
LILRA2,0,[]
LILRA1,0,[]
LIG4,0,[]
LIPE,0,[]
LIPG,0,[]
LIFR,0,[]
LMBR1L,0,[]
LPIN1,0,[]
AAMP,0,[]
LPAR6,0,[]
LPAR5,0,[]
LPAR3,0,[]
LPAR1,0,[]
LPA,0,[]
LOXL2,0,[]
LOX,0,[]
LONRF3,0,[]
LONP1,0,[]
LMX1B,0,[]
LMO2,0,[]
LMO1,0,[]
LMNB1,0,[]
LIG3,0,[]
LIF,0,[]
LAIR2,0,[]
LBX1,0,[]
LBH,0,[]
LATS2,0,[]
LATS1,0,[]
LAT,0,[]
LASP1,0,[]
LARP4B,0,[]
LARP4,0,[]
LAPTM4B,0,[]
LANCL2,0,[]
LANCL1,0,[]
LAMP3,0,[]
LAMP2,0,[]
LAMC2,0,[]
LAMC1,0,[]
LAMB3,0,[]
LBP,0,[]
LCAT,0,[]
LHCGR,0,[]
LCK,0,[]
LGR6,0,[]
LGR5,0,[]
LGR4,0,[]
LGALSL,0,[]
LGALS9,0,[]
LGALS8,0,[]
LGALS14,0,[]
LGALS13,0,[]
LEPROTL1,0,[]
LEPR,0,[]
LEP,0,[]
LENG8,0,[]
LEF1,0,[]
LDLR,0,[]
LDB3,0,[]
LPL,0,[]
LPXN,0,[]
LRATD2,0,[]
MAGI3,0,[]
MAGEC2,0,[]
MAGEC1,0,[]
MAGEB2,0,[]
MAGEA4,0,[]
MAGEA3,0,[]
MAGEA12,0,[]
MAGEA11,0,[]
MAGEA10,0,[]
MAGEA1,0,[]
MAFF,0,[]
MAEA,0,[]
MAD2L1,0,[]
MAD1L1,0,[]
MACC1,0,[]
MAB21L2,0,[]
MAGI1,0,[]
MAK,0,[]
LRBA,0,[]
MAL,0,[]
MAP2,0,[]
MAP1S,0,[]
MAP1LC3B,0,[]
MAP1LC3A,0,[]
MAP1B,0,[]
MAP1A,0,[]
MAOB,0,[]
MAOA,0,[]
MANEA,0,[]
MAN2B1,0,[]
MAN1B1,0,[]
MAML2,0,[]
MALT1,0,[]
MALL,0,[]
MAL2,0,[]
MAB21L1,0,[]
LZTS1,0,[]
LZIC,0,[]
LYN,0,[]
LRRC45,0,[]
LRRC3B,0,[]
LRRC38,0,[]
LRRC32,0,[]
LRRC3,0,[]
LRRC20,0,[]
LRRC15,0,[]
LRPPRC,0,[]
LRP6,0,[]
LRP5,0,[]
LRP2,0,[]
LRP1,0,[]
LRIF1,0,[]
LRG1,0,[]
LRCH1,0,[]
LRRC47,0,[]
LRRK2,0,[]
LRRTM1,0,[]
LTK,0,[]
LYAR,0,[]
LY96,0,[]
LY9,0,[]
LY75,0,[]
LURAP1,0,[]
LUC7L,0,[]
LTBR,0,[]
LRTM1,0,[]
LTBP1,0,[]
LTB4R2,0,[]
LTB4R,0,[]
LTA,0,[]
LSM12,0,[]
LSG1,0,[]
LAMA3,0,[]
LAIR1,0,[]
JAK1,0,[]
KCNK6,0,[]
KCNK3,0,[]
KCNK2,0,[]
KCNK18,0,[]
KCNK17,0,[]
KCNK16,0,[]
KCNK15,0,[]
KCNK13,0,[]
KCNK12,0,[]
KCNK10,0,[]
KCNK1,0,[]
KCNJ9,0,[]
KCNJ8,0,[]
KCNJ6,0,[]
KCNJ2,0,[]
KCNJ16,0,[]
KCNK4,0,[]
KCNK9,0,[]
KCNJ13,0,[]
KCNMA1,0,[]
KCTD20,0,[]
KCTD11,0,[]
KCTD10,0,[]
KCNV1,0,[]
KCNU1,0,[]
KCNT2,0,[]
KCNT1,0,[]
KCNS1,0,[]
KCNRG,0,[]
KCNQ4,0,[]
KCNQ2,0,[]
KCNQ1,0,[]
KCNN4,0,[]
KCNN3,0,[]
KCNMB1,0,[]
KCNJ15,0,[]
KCNJ12,0,[]
LAG3,0,[]
KCNA4,0,[]
KATNA1,0,[]
KAT5,0,[]
KAT2B,0,[]
KANK2,0,[]
JUP,0,[]
JRK,0,[]
JPT2,0,[]
JPH2,0,[]
JPH1,0,[]
JMJD4,0,[]
JDP2,0,[]
JAZF1,0,[]
JAM3,0,[]
JAM2,0,[]
JAK2,0,[]
KCNA3,0,[]
KCNA5,0,[]
KCNJ11,0,[]
KCNAB3,0,[]
KCNJ10,0,[]
KCNJ1,0,[]
KCNIP2,0,[]
KCNH6,0,[]
KCNH5,0,[]
KCNH4,0,[]
KCNH3,0,[]
KCNH2,0,[]
KCNH1,0,[]
KCNF1,0,[]
KCNE1,0,[]
KCNC4,0,[]
KCNC3,0,[]
KCNC1,0,[]
KCNB1,0,[]
KCTD5,0,[]
KCTD9,0,[]
KDM1A,0,[]
KMT2A,0,[]
KLRG1,0,[]
KLRF1,0,[]
KLRD1,0,[]
KLRC2,0,[]
KLRC1,0,[]
KLRB1,0,[]
KLK6,0,[]
KLK4,0,[]
KLK15,0,[]
KLK10,0,[]
KLHL8,0,[]
KLHL4,0,[]
KLHL26,0,[]
KLHL24,0,[]
KLHL14,0,[]
KMO,0,[]
KMT2D,0,[]
KDM3A,0,[]
KNDC1,0,[]
LAD1,0,[]
LACRT,0,[]
LACC1,0,[]
L1CAM,0,[]
KXD1,0,[]
KRTCAP2,0,[]
KRT20,0,[]
KRAS,0,[]
KPRP,0,[]
KPNB1,0,[]
KPNA6,0,[]
KPNA3,0,[]
KPNA2,0,[]
KPNA1,0,[]
KNSTRN,0,[]
KLHL13,0,[]
KLHL1,0,[]
KLHDC2,0,[]
KLF5,0,[]
KIAA1191,0,[]
KIAA0408,0,[]
KHSRP,0,[]
KHK,0,[]
KHDRBS1,0,[]
KHDC3L,0,[]
KEL,0,[]
KEAP1,0,[]
KDR,0,[]
KDM8,0,[]
KDM6B,0,[]
KDM6A,0,[]
KDM5D,0,[]
KDM5B,0,[]
KDM4A,0,[]
KIAA2013,0,[]
KIF11,0,[]
KIF1A,0,[]
KIT,0,[]
KLF4,0,[]
KLF17,0,[]
KLF16,0,[]
KLF14,0,[]
KLF12,0,[]
KITLG,0,[]
KISS1R,0,[]
KIF20A,0,[]
KIR3DL1,0,[]
KIR2DL4,0,[]
KIR2DL1,0,[]
KIF5B,0,[]
KIF2C,0,[]
KIF2A,0,[]
HGH1,0,[]
HFE,0,[]
ECSIT,0,[]
FBXW7,0,[]
FBXO45,0,[]
FBXO43,0,[]
FBXO42,0,[]
FBXO33,0,[]
FBXO25,0,[]
FBXO16,0,[]
FBP1,0,[]
FBLN5,0,[]
FBLN2,0,[]
FBL,0,[]
FAT4,0,[]
FAT3,0,[]
FAT2,0,[]
FAT1,0,[]
FASN,0,[]
FBXW11,0,[]
FCGR2B,0,[]
FAS,0,[]
FCMR,0,[]
FERMT3,0,[]
FER,0,[]
FENDRR,0,[]
FEN1,0,[]
FECH,0,[]
FDX1,0,[]
FDPS,0,[]
FDFT1,0,[]
FCRLA,0,[]
FCRL5,0,[]
FCRL4,0,[]
FCRL3,0,[]
FCRL2,0,[]
FCRL1,0,[]
FCN2,0,[]
FASLG,0,[]
FAR1,0,[]
F13A1,0,[]
FAIM2,0,[]
FAF2,0,[]
FAF1,0,[]
FADS2,0,[]
FADS1,0,[]
FADD,0,[]
FABP7,0,[]
FABP3,0,[]
FABP2,0,[]
FAAH,0,[]
F8,0,[]
F7,0,[]
F5,0,[]
F2RL3,0,[]
F2RL1,0,[]
F2R,0,[]
FAIM,0,[]
FAM107A,0,[]
FAP,0,[]
FAM110A,0,[]
FANCI,0,[]
FANCD2,0,[]
FANCC,0,[]
FANCA,0,[]
FAM9B,0,[]
FAM98A,0,[]
FAM76B,0,[]
FAM53C,0,[]
FAM3A,0,[]
FAM193A,0,[]
FAM168A,0,[]
FAM161A,0,[]
FAM131C,0,[]
FAM126B,0,[]
FAM117B,0,[]
FES,0,[]
FETUB,0,[]
FEV,0,[]
FOXA1,0,[]
FOLR1,0,[]
FOLH1,0,[]
FNTA,0,[]
FNDC5,0,[]
FNDC3B,0,[]
FNDC3A,0,[]
FN3KRP,0,[]
FMOD,0,[]
FMO5,0,[]
FMO3,0,[]
FMN2,0,[]
FMN1,0,[]
FMC1,0,[]
FLYWCH1,0,[]
FLT4,0,[]
FOSL1,0,[]
FOXA2,0,[]
FEZ1,0,[]
FOXB1,0,[]
FOXO4,0,[]
FOXO1,0,[]
FOXN1,0,[]
FOXM1,0,[]
FOXL2,0,[]
FOXJ2,0,[]
FOXJ1,0,[]
FOXI1,0,[]
FOXG1,0,[]
FOXF1,0,[]
FOXE3,0,[]
FOXE1,0,[]
FOXD2,0,[]
FOXC2,0,[]
FOXC1,0,[]
FLT3LG,0,[]
FLT3,0,[]
FLRT3,0,[]
FLNC,0,[]
FGFR2,0,[]
FGFBP2,0,[]
FGF9,0,[]
FGF7,0,[]
FGF4,0,[]
FGF23,0,[]
FGF21,0,[]
FGF2,0,[]
FGF19,0,[]
FGF13,0,[]
FGF10,0,[]
FGF1,0,[]
FFAR1,0,[]
FEZF2,0,[]
FEZF1,0,[]
FGFR3,0,[]
FGFR4,0,[]
FH,0,[]
FKBP11,0,[]
FLNB,0,[]
FLII,0,[]
FLI1,0,[]
FLCN,0,[]
FKTN,0,[]
FKBP15,0,[]
FIP1L1,0,[]
FHAD1,0,[]
FILIP1L,0,[]
FIBP,0,[]
FIBCD1,0,[]
FHOD1,0,[]
FHL3,0,[]
FHL2,0,[]
F2,0,[]
F12,0,[]
FOXP2,0,[]
ELK1,0,[]
ELF4,0,[]
ELAVL1,0,[]
ELANE,0,[]
ELAC2,0,[]
ELAC1,0,[]
EIPR1,0,[]
EIF5AL1,0,[]
EIF4ENIF1,0,[]
EIF4EBP3,0,[]
EIF4EBP2,0,[]
EIF4EBP1,0,[]
EIF4E,0,[]
EIF4A3,0,[]
EIF3C,0,[]
EIF2S1,0,[]
ELFN1,0,[]
ELK3,0,[]
EIF2AK3,0,[]
ELK4,0,[]
EN2,0,[]
EN1,0,[]
EMX2,0,[]
EMSY,0,[]
EMP2,0,[]
EMP1,0,[]
EMD,0,[]
EMC4,0,[]
EMC1,0,[]
ELSPBP1,0,[]
ELOC,0,[]
ELOB,0,[]
ELN,0,[]
ELMOD2,0,[]
ELMOD1,0,[]
EIF2AK4,0,[]
EIF2AK2,0,[]
F11R,0,[]
EFTUD2,0,[]
EFR3B,0,[]
EFR3A,0,[]
EFNB2,0,[]
EFHC2,0,[]
EFHC1,0,[]
EEF1G,0,[]
EEF1AKNMT,0,[]
EEF1A2,0,[]
EED,0,[]
EDRF1,0,[]
EDNRB,0,[]
EDNRA,0,[]
EDN1,0,[]
EDIL3,0,[]
EDA,0,[]
EFS,0,[]
EGF,0,[]
EIF1B,0,[]
EGFL6,0,[]
EIF1AY,0,[]
EIF1AD,0,[]
EID1,0,[]
EHMT2,0,[]
EHMT1,0,[]
EHF,0,[]
EHBP1,0,[]
EGR4,0,[]
EGR3,0,[]
EGR2,0,[]
EGLN3,0,[]
EGLN1,0,[]
EGFR,0,[]
EGFL8,0,[]
EGFL7,0,[]
ENKUR,0,[]
ENO2,0,[]
ENOSF1,0,[]
ESR2,0,[]
ESM1,0,[]
ESF1,0,[]
ERVFRD-1,0,[]
ERRFI1,0,[]
ERP27,0,[]
ERN1,0,[]
ERMAP,0,[]
ERLIN2,0,[]
ERGIC2,0,[]
ERG28,0,[]
ERG,0,[]
ERFE,0,[]
EREG,0,[]
ERCC6,0,[]
ERCC5,0,[]
ESR1,0,[]
ESRRA,0,[]
ENOX1,0,[]
ESRRG,0,[]
F11,0,[]
EZHIP,0,[]
EZH2,0,[]
EZH1,0,[]
EYA4,0,[]
EYA1,0,[]
EXOSC10,0,[]
EXO1,0,[]
EWSR1,0,[]
EVI5,0,[]
EVI2B,0,[]
ETV6,0,[]
ETV3,0,[]
ETV1,0,[]
ETS1,0,[]
ERCC4,0,[]
ERCC3,0,[]
ERCC2,0,[]
ERCC1,0,[]
EPHA4,0,[]
EPHA3,0,[]
EPHA2,0,[]
EPHA10,0,[]
EPHA1,0,[]
EPG5,0,[]
EPDR1,0,[]
EPCAM,0,[]
EP300,0,[]
EOMES,0,[]
ENTPD2,0,[]
ENPP3,0,[]
ENPP1,0,[]
ENPEP,0,[]
ENOX2,0,[]
EPHA7,0,[]
EPHA8,0,[]
EPHB1,0,[]
EPRS,0,[]
ERC1,0,[]
ERBB3,0,[]
ERBB2,0,[]
ERAS,0,[]
ERAP1,0,[]
EPS8L3,0,[]
EPOR,0,[]
EPHB2,0,[]
EPO,0,[]
EPM2AIP1,0,[]
EPHX2,0,[]
EPHX1,0,[]
EPHB6,0,[]
EPHB4,0,[]
FOXP1,0,[]
FOXP3,0,[]
HEY1,0,[]
GRK5,0,[]
GRIN2D,0,[]
GRIN2C,0,[]
GRIN2B,0,[]
GRIN1,0,[]
GRIK5,0,[]
GRIK4,0,[]
GRIK3,0,[]
GRID1,0,[]
GRIA2,0,[]
GRIA1,0,[]
GRHL2,0,[]
GREM2,0,[]
GREB1L,0,[]
GRAMD2B,0,[]
GRAMD1A,0,[]
GRK2,0,[]
GRM1,0,[]
GPRIN2,0,[]
GRM2,0,[]
GSS,0,[]
GSR,0,[]
GSK3B,0,[]
GSK3A,0,[]
GSE1,0,[]
GSDMC,0,[]
GSDMB,0,[]
GRWD1,0,[]
GRPR,0,[]
GRP,0,[]
GRN,0,[]
GRM7,0,[]
GRM5,0,[]
GRM4,0,[]
GRM3,0,[]
GPT,0,[]
GPRC5C,0,[]
GORAB,0,[]
GPR149,0,[]
GPR137,0,[]
GPR135,0,[]
GPR12,0,[]
GPR101,0,[]
GPR1,0,[]
GPN2,0,[]
GPN1,0,[]
GPHN,0,[]
GPER1,0,[]
GPBP1L1,0,[]
GPBP1,0,[]
GPATCH11,0,[]
GP6,0,[]
GP5,0,[]
GP1BA,0,[]
GPR139,0,[]
GPR158,0,[]
GPRASP2,0,[]
GPR162,0,[]
GPRASP1,0,[]
GPR88,0,[]
GPR85,0,[]
GPR83,0,[]
GPR63,0,[]
GPR55,0,[]
GPR4,0,[]
GPR39,0,[]
GPR37L1,0,[]
GPR37,0,[]
GPR3,0,[]
GPR26,0,[]
GPR22,0,[]
GPR174,0,[]
GPR17,0,[]
GSTM1,0,[]
GSTM3,0,[]
GSTZ1,0,[]
HDC,0,[]
HDAC6,0,[]
HDAC5,0,[]
HDAC4,0,[]
HDAC3,0,[]
HDAC2,0,[]
HDAC10,0,[]
HDAC1,0,[]
HCRTR2,0,[]
HCRTR1,0,[]
HCRT,0,[]
HCN4,0,[]
HCN3,0,[]
HCN2,0,[]
HCFC1,0,[]
HCAR3,0,[]
HDAC8,0,[]
HEATR3,0,[]
GSX2,0,[]
HEATR5A,0,[]
HEXIM1,0,[]
HEXB,0,[]
HEXA,0,[]
HESX1,0,[]
HES6,0,[]
HES4,0,[]
HES1,0,[]
HERC6,0,[]
HERC2,0,[]
HEPACAM,0,[]
HELLS,0,[]
HECTD4,0,[]
HECA,0,[]
HEATR6,0,[]
HEATR5B,0,[]
HCAR2,0,[]
HBZ,0,[]
HBS1L,0,[]
HBG1,0,[]
GYPB,0,[]
GYPA,0,[]
GYG2,0,[]
GXYLT2,0,[]
GUSB,0,[]
GUCY2D,0,[]
GUCY2C,0,[]
GUCY1A2,0,[]
GUCA1A,0,[]
GTPBP4,0,[]
GTPBP10,0,[]
GTPBP1,0,[]
GTF3C1,0,[]
GTF2I,0,[]
GTF2A1L,0,[]
GYS1,0,[]
GZMA,0,[]
GZMB,0,[]
HAMP,0,[]
HBEGF,0,[]
HAX1,0,[]
HAVCR2,0,[]
HAVCR1,0,[]
HAS2,0,[]
HAP1,0,[]
HADHB,0,[]
GZMH,0,[]
HADHA,0,[]
HABP2,0,[]
H3F3B,0,[]
H2AFX,0,[]
H19,0,[]
GZMK,0,[]
GOT1,0,[]
GOLPH3,0,[]
FOXP4,0,[]
GAD2,0,[]
GABRR3,0,[]
GABRQ,0,[]
GABRP,0,[]
GABRG3,0,[]
GABRG2,0,[]
GABRG1,0,[]
GABRD,0,[]
GABRB3,0,[]
GABRB2,0,[]
GABRA6,0,[]
GABRA5,0,[]
GABRA4,0,[]
GABRA3,0,[]
GABRA2,0,[]
GABRA1,0,[]
GAD1,0,[]
GADD45A,0,[]
GAB2,0,[]
GADD45G,0,[]
GATA3,0,[]
GATA2,0,[]
GATA1,0,[]
GAS2L1,0,[]
GART,0,[]
GAP43,0,[]
GANC,0,[]
GANAB,0,[]
GALR1,0,[]
GALP,0,[]
GALNS,0,[]
GALK1,0,[]
GALE,0,[]
GAL,0,[]
GAGE1,0,[]
GABBR2,0,[]
GAB1,0,[]
GOLGA2,0,[]
FUCA1,0,[]
FTO,0,[]
FSTL3,0,[]
FSTL1,0,[]
FST,0,[]
FSIP1,0,[]
FSHR,0,[]
FSCN1,0,[]
FRZB,0,[]
FRMD7,0,[]
FRMD6,0,[]
FREM2,0,[]
FREM1,0,[]
FRAS1,0,[]
FRA10AC1,0,[]
FOXRED1,0,[]
FUBP3,0,[]
FURIN,0,[]
GAA,0,[]
FUS,0,[]
G6PD,0,[]
FZR1,0,[]
FZD9,0,[]
FZD6,0,[]
FZD4,0,[]
FZD3,0,[]
FZD10,0,[]
FZD1,0,[]
FXYD7,0,[]
FXR2,0,[]
FUT8,0,[]
FUT7,0,[]
FUT4,0,[]
FUT3,0,[]
FUT2,0,[]
GATA4,0,[]
GATA6,0,[]
GBA,0,[]
GMDS,0,[]
GLUD1,0,[]
GLT8D2,0,[]
GLS2,0,[]
GLS,0,[]
GLRB,0,[]
GLRA3,0,[]
GLRA2,0,[]
GLRA1,0,[]
GLP1R,0,[]
GLOD4,0,[]
GLIPR2,0,[]
GLI3,0,[]
GLI2,0,[]
GLI1,0,[]
GLDN,0,[]
GLYR1,0,[]
GMEB1,0,[]
GBE1,0,[]
GMEB2,0,[]
GNS,0,[]
GNRHR,0,[]
GNRH1,0,[]
GNPAT,0,[]
GNL2,0,[]
GNB3,0,[]
GNB1L,0,[]
GNAT3,0,[]
GNAQ,0,[]
GNAO1,0,[]
GNAI2,0,[]
GNAI1,0,[]
GNA11,0,[]
GMPS,0,[]
GMFB,0,[]
GLCCI1,0,[]
GLB1,0,[]
GKN1,0,[]
GJC1,0,[]
GDF3,0,[]
GDF2,0,[]
GDF15,0,[]
GDF11,0,[]
GDA,0,[]
GCNT4,0,[]
GCNT2,0,[]
GCN1,0,[]
GCM1,0,[]
GCLM,0,[]
GCKR,0,[]
GCGR,0,[]
GBX2,0,[]
GBP5,0,[]
GBF1,0,[]
GDF5,0,[]
GDF6,0,[]
GDF7,0,[]
GIGYF1,0,[]
GJB6,0,[]
GJB1,0,[]
GJA5,0,[]
GIPC2,0,[]
GIPC1,0,[]
GIMAP8,0,[]
GHSR,0,[]
GDF9,0,[]
GHR,0,[]
GHITM,0,[]
GH1,0,[]
GGT1,0,[]
GFPT1,0,[]
GDNF,0,[]
LPCAT1,0,[]
